Policy,colbert,sparse,dense,sparse+dense,colbert+sparse+dense
Abnormality Detection,0.7490793466567993,0.179443359375,0.71484375,0.536376953125,0.6214579343795776
Abnormality Detection,0.6846198439598083,0.084228515625,0.65673828125,0.4659016728401184,0.5533889532089233
Abnormality Detection,0.7335049510002136,0.174560546875,0.68115234375,0.5122883915901184,0.6007750034332275
Abnormality Detection,0.8081132173538208,0.2191162109375,0.75634765625,0.5772705078125,0.6696076393127441
Abnormality Detection,0.7622389793395996,0.142822265625,0.7451171875,0.5443522334098816,0.6315069198608398
Abnormality Detection,0.7501927018165588,0.1993408203125,0.73974609375,0.5596110224723816,0.6358436942100525
Abnormality Detection,0.7888163328170776,0.2010498046875,0.76025390625,0.5738524794578552,0.659838080406189
Abnormality Detection,0.7762607932090759,0.2275390625,0.70458984375,0.5455729365348816,0.6378480792045593
Abnormality Detection,0.7926713824272156,0.1905517578125,0.7548828125,0.5667724609375,0.6571320295333862
Abnormality Detection,0.8445696234703064,0.2340087890625,0.8310546875,0.6320393681526184,0.7170515060424805
Abnormality Detection,0.7410476803779602,0.2076416015625,0.75830078125,0.5747476816177368,0.641267716884613
Abnormality Detection,0.815804660320282,0.230712890625,0.77978515625,0.5967610478401184,0.6843785047531128
Abnormality Detection,0.8452019095420837,0.2333984375,0.79345703125,0.6067708134651184,0.7021432518959045
Abnormality Detection,0.7680937647819519,0.1861572265625,0.74072265625,0.5558674931526184,0.6407580375671387
Abnormality Detection,0.8225072026252747,0.19189453125,0.75390625,0.5665690302848816,0.6689442992210388
Abnormality Detection,0.8030655980110168,0.200927734375,0.7724609375,0.5819498300552368,0.6703961491584778
Abnormality Detection,0.8899526000022888,0.2313232421875,0.87890625,0.6630452275276184,0.7538082003593445
Abnormality Detection,0.7793533205986023,0.2257080078125,0.75634765625,0.5794677734375,0.6594220399856567
Abnormality Detection,0.7697476148605347,0.2061767578125,0.7568359375,0.5732828974723816,0.6518688201904297
Abnormality Detection,0.6906208395957947,0.2030029296875,0.6845703125,0.5240478515625,0.59067702293396
Abnormality Detection,0.7717817425727844,0.16064453125,0.73486328125,0.54345703125,0.6347869038581848
Abnormality Detection,0.7902853488922119,0.1561279296875,0.74560546875,0.5491129159927368,0.6455819606781006
Abnormality Detection,0.7561016082763672,0.1392822265625,0.703125,0.5151773691177368,0.6115471124649048
Abnormality Detection,0.8422746062278748,0.205322265625,0.822265625,0.6166178584098816,0.7068805694580078
Abnormality Detection,0.8300341367721558,0.2156982421875,0.8154296875,0.6155191659927368,0.7013251781463623
Abnormality Detection,0.945409893989563,0.34375,0.93603515625,0.7386067509651184,0.8213280439376831
Abnormality Detection,0.6764611005783081,0.1357421875,0.66650390625,0.4895833134651184,0.5643343925476074
Abnormality Detection,0.8216161727905273,0.283447265625,0.79052734375,0.6215006709098816,0.7015469074249268
Abnormality Detection,0.6940646171569824,0.1937255859375,0.6416015625,0.4923095703125,0.5730116367340088
Abnormality Detection,0.7709628939628601,0.2880859375,0.74462890625,0.5924478769302368,0.6638538837432861
Anatomical Findings,0.6177784204483032,0.04315185546875,0.5712890625,0.3952433168888092,0.48425737023353577
Anatomical Findings,0.6550849676132202,0.0853271484375,0.61279296875,0.4369710385799408,0.5242166519165039
Anatomical Findings,0.48884472250938416,0.047332763671875,0.481201171875,0.336578369140625,0.3974849283695221
Anatomical Findings,0.5328843593597412,0.0,0.55908203125,0.3727213442325592,0.43678656220436096
Anatomical Findings,0.46653038263320923,0.0003170967102050781,0.51123046875,0.34092602133750916,0.3911677598953247
Anatomical Findings,0.5791435241699219,0.06854248046875,0.54248046875,0.3845011293888092,0.46235811710357666
Anatomical Findings,0.5472475290298462,0.077880859375,0.5322265625,0.3807779848575592,0.44736582040786743
Anatomical Findings,0.6621118187904358,0.10565185546875,0.654296875,0.4714152216911316,0.5476938486099243
Anatomical Findings,0.6374539136886597,0.11895751953125,0.65234375,0.47454833984375,0.5397105813026428
Anatomical Findings,0.7397459745407104,0.1463623046875,0.658203125,0.4875895380973816,0.5884521007537842
Anatomical Findings,0.6092968583106995,0.103515625,0.5673828125,0.4127604067325592,0.49137502908706665
Anatomical Findings,0.6284772157669067,0.1024169921875,0.619140625,0.4468994140625,0.5195305347442627
Anatomical Findings,0.7393884062767029,0.10968017578125,0.71435546875,0.5127969980239868,0.6034336090087891
Anatomical Findings,0.6884685158729553,0.11541748046875,0.62451171875,0.4548136293888092,0.5482755899429321
Anatomical Findings,0.7242668271064758,0.16845703125,0.708984375,0.52880859375,0.6069918870925903
Anatomical Findings,0.5560802221298218,0.03912353515625,0.53466796875,0.3694864809513092,0.4441239833831787
Anatomical Findings,0.7612782716751099,0.1607666015625,0.74609375,0.5509846806526184,0.6351021528244019
Anatomical Findings,0.6737350821495056,0.10260009765625,0.6669921875,0.4788615107536316,0.5568109750747681
Anatomical Findings,0.6439164280891418,0.07574462890625,0.60546875,0.42889404296875,0.5149030089378357
Anatomical Findings,0.6644920110702515,0.11383056640625,0.59375,0.43377685546875,0.5260629057884216
Anatomical Findings,0.5868832468986511,0.1064453125,0.55419921875,0.4049479067325592,0.47772204875946045
Anatomical Findings,0.6460416316986084,0.1182861328125,0.60302734375,0.4414469301700592,0.5232847929000854
Anatomical Findings,0.6555148959159851,0.0997314453125,0.625,0.4499104619026184,0.5321522355079651
Anatomical Findings,0.8325536847114563,0.2156982421875,0.7734375,0.5875244140625,0.6855361461639404
Anatomical Findings,0.7746307253837585,0.1905517578125,0.71728515625,0.5417073369026184,0.6348767280578613
Anatomical Findings,0.7524421215057373,0.1397705078125,0.68017578125,0.5000407099723816,0.6010012626647949
Anatomical Findings,0.7311479449272156,0.1204833984375,0.7021484375,0.5082600712776184,0.5974152088165283
Anatomical Findings,0.7044225931167603,0.156005859375,0.6689453125,0.4979655146598816,0.5805483460426331
Anatomical Findings,0.7396561503410339,0.1575927734375,0.70458984375,0.5222574472427368,0.6092169284820557
Anatomical Findings,0.7287430167198181,0.1773681640625,0.69482421875,0.5223388671875,0.6049005389213562
Close-ended,0.5655718445777893,0.16796875,0.5673828125,0.4342448115348816,0.48677563667297363
Close-ended,0.7061371803283691,0.169189453125,0.67333984375,0.5052897334098816,0.5856287479400635
Close-ended,0.6824232339859009,0.1204833984375,0.6884765625,0.4991454780101776,0.5724565982818604
Close-ended,0.6679821014404297,0.115234375,0.6474609375,0.4700520932674408,0.5492241382598877
Close-ended,0.656907856464386,0.0614013671875,0.64404296875,0.4498291313648224,0.5326606035232544
Close-ended,0.6517025828361511,0.1343994140625,0.62744140625,0.4630940556526184,0.5385375022888184
Close-ended,0.5257123708724976,0.048858642578125,0.490478515625,0.3432719111442566,0.416248083114624
Close-ended,0.870246171951294,0.23681640625,0.82080078125,0.6261393427848816,0.7237820625305176
Close-ended,0.5968011617660522,0.0906982421875,0.55029296875,0.3970947265625,0.47697728872299194
Close-ended,0.7689148187637329,0.148681640625,0.75,0.549560546875,0.6373022794723511
Close-ended,0.8046668767929077,0.2415771484375,0.8125,0.6221923828125,0.695182204246521
Close-ended,0.7531834840774536,0.1387939453125,0.771484375,0.5605875253677368,0.6376259326934814
Close-ended,0.6226488351821899,0.130126953125,0.6015625,0.4444173276424408,0.5157099366188049
Close-ended,0.6656893491744995,0.1246337890625,0.650390625,0.4751383066177368,0.551358699798584
Close-ended,0.6787141561508179,0.1729736328125,0.625,0.4743245244026184,0.5560803413391113
Close-ended,0.8104623556137085,0.2357177734375,0.7890625,0.6046142578125,0.6869535446166992
Close-ended,0.8254095911979675,0.208984375,0.76025390625,0.5764973759651184,0.6760622262954712
Close-ended,0.6821597218513489,0.1507568359375,0.63720703125,0.4750569462776184,0.5578980445861816
Close-ended,0.564548671245575,0.109130859375,0.53076171875,0.3902181088924408,0.45995032787323
Close-ended,0.6979948282241821,0.051116943359375,0.66943359375,0.4633280634880066,0.5571947693824768
Close-ended,0.795553982257843,0.12274169921875,0.7529296875,0.5428670048713684,0.6439418196678162
Close-ended,0.764331579208374,0.2318115234375,0.75830078125,0.5828043818473816,0.6554152965545654
Close-ended,0.7855318784713745,0.1898193359375,0.78662109375,0.5876871943473816,0.6668250560760498
Close-ended,0.7265249490737915,0.1697998046875,0.65283203125,0.4918212592601776,0.5857027769088745
Close-ended,0.6543397903442383,0.04498291015625,0.61181640625,0.4228718876838684,0.5154590606689453
Close-ended,0.6110560894012451,0.0384521484375,0.5986328125,0.4119059145450592,0.491566002368927
Close-ended,0.7368124723434448,0.186767578125,0.7080078125,0.5342610478401184,0.6152816414833069
Close-ended,0.6906373500823975,0.1392822265625,0.68212890625,0.5011799931526184,0.576962947845459
Close-ended,0.7192947864532471,0.2366943359375,0.69873046875,0.5447184443473816,0.6145489811897278
Close-ended,0.8684908747673035,0.2471923828125,0.83203125,0.6370849609375,0.7296473383903503
Disease Classification,0.7119907140731812,0.168212890625,0.71435546875,0.5323079824447632,0.6041810512542725
Disease Classification,0.5831973552703857,0.03460693359375,0.55908203125,0.3842569887638092,0.46383315324783325
Disease Classification,0.6384264826774597,0.123291015625,0.64013671875,0.4678548276424408,0.536083459854126
Disease Classification,0.4902532994747162,0.08355712890625,0.484619140625,0.3509317934513092,0.40666040778160095
Disease Classification,0.6793689727783203,0.0985107421875,0.6416015625,0.4605712890625,0.5480903387069702
Disease Classification,0.6487632989883423,0.1419677734375,0.64697265625,0.4786376953125,0.5466879606246948
Disease Classification,0.725296139717102,0.130126953125,0.69287109375,0.5052897334098816,0.5932922959327698
Disease Classification,0.6313931345939636,0.1380615234375,0.6220703125,0.4607340693473816,0.5289976596832275
Disease Classification,0.6740782260894775,0.10784912109375,0.68798828125,0.4946085810661316,0.5663964748382568
Disease Classification,0.7283899188041687,0.1793212890625,0.69775390625,0.5249430537223816,0.6063218116760254
Disease Classification,0.7067041397094727,0.1517333984375,0.71240234375,0.5255127549171448,0.5979893207550049
Disease Classification,0.7156694531440735,0.14599609375,0.71142578125,0.5229491591453552,0.6000373363494873
Disease Classification,0.6609283089637756,0.1263427734375,0.66943359375,0.4884033203125,0.5574133396148682
Disease Classification,0.7534642219543457,0.2027587890625,0.72705078125,0.5522868037223816,0.6327577829360962
Disease Classification,0.6490957140922546,0.0972900390625,0.64453125,0.4621174931526184,0.536908745765686
Disease Classification,0.7051736116409302,0.1888427734375,0.693359375,0.5251871347427368,0.5971817374229431
Disease Classification,0.564861536026001,0.11810302734375,0.57470703125,0.4225057363510132,0.4794480502605438
Disease Classification,0.7263399958610535,0.09063720703125,0.73779296875,0.5220744013786316,0.6037806272506714
Disease Classification,0.7332521677017212,0.1365966796875,0.7333984375,0.5344644784927368,0.6139795780181885
Disease Classification,0.7439417839050293,0.1585693359375,0.75,0.5528564453125,0.6292905807495117
Disease Classification,0.6913032531738281,0.1630859375,0.7060546875,0.5250651240348816,0.5915603637695312
Disease Classification,0.8009445667266846,0.2822265625,0.80810546875,0.6328124403953552,0.7000653147697449
Disease Classification,0.7517871856689453,0.1455078125,0.7353515625,0.5387369394302368,0.6239570379257202
Disease Classification,0.7512432336807251,0.19970703125,0.7373046875,0.55810546875,0.635360598564148
Disease Classification,0.7534230947494507,0.1920166015625,0.7119140625,0.5386149287223816,0.6245381832122803
Disease Classification,0.6815971732139587,0.1917724609375,0.66796875,0.5092366337776184,0.5781809091567993
Disease Classification,0.7533369660377502,0.2203369140625,0.7822265625,0.5949299931526184,0.6582927703857422
Disease Classification,0.7448364496231079,0.190673828125,0.70751953125,0.5352376103401184,0.619077205657959
Disease Classification,0.7433731555938721,0.1265869140625,0.76318359375,0.5509846806526184,0.6279400587081909
Disease Classification,0.7694774270057678,0.2301025390625,0.79443359375,0.6063232421875,0.6715849041938782
Error Identification,0.6578793525695801,0.05584716796875,0.65478515625,0.45513916015625,0.5362352132797241
Error Identification,0.6267001628875732,0.002979278564453125,0.62841796875,0.41993841528892517,0.5026431083679199
Error Identification,0.6282561421394348,0.043853759765625,0.630859375,0.4351908266544342,0.5124169588088989
Error Identification,0.739338755607605,0.1854248046875,0.69921875,0.5279541015625,0.6125079393386841
Error Identification,0.6880882382392883,0.154052734375,0.66064453125,0.4917805790901184,0.5703036785125732
Error Identification,0.6044818162918091,0.07818603515625,0.62890625,0.4453328549861908,0.5089924335479736
Error Identification,0.6765058636665344,0.1458740234375,0.66943359375,0.4949137568473816,0.5675505995750427
Error Identification,0.7678623795509338,0.169189453125,0.80126953125,0.590576171875,0.6614906787872314
Error Identification,0.7548567056655884,0.104736328125,0.73974609375,0.528076171875,0.6187883615493774
Error Identification,0.7363293170928955,0.199462890625,0.78564453125,0.5902506709098816,0.6486821174621582
Error Identification,0.6061356067657471,0.014984130859375,0.62744140625,0.4232889711856842,0.49642765522003174
Error Identification,0.6266299486160278,0.08184814453125,0.634765625,0.4504598081111908,0.520927906036377
Error Identification,0.7220632433891296,0.1671142578125,0.76220703125,0.5638427734375,0.6271309852600098
Error Identification,0.5730734467506409,0.11614990234375,0.58642578125,0.4296671152114868,0.48702967166900635
Error Identification,0.7815490365028381,0.2008056640625,0.77001953125,0.5802815556526184,0.6607885360717773
Error Identification,0.7018255591392517,0.14013671875,0.69482421875,0.5099284052848816,0.5866872668266296
Error Identification,0.741351306438446,0.162841796875,0.74365234375,0.550048828125,0.6265698671340942
Error Identification,0.4935460686683655,0.0,0.492919921875,0.32861328125,0.3945864140987396
Error Identification,0.578802764415741,0.0819091796875,0.5751953125,0.4107666015625,0.4779810905456543
Error Identification,0.743370771408081,0.189453125,0.73583984375,0.5537108778953552,0.6295748949050903
Error Identification,0.7706286311149597,0.186279296875,0.74755859375,0.5604655146598816,0.6445307731628418
Error Identification,0.6160457730293274,0.0011539459228515625,0.6279296875,0.4190044403076172,0.49782097339630127
Error Identification,0.6609289050102234,0.1431884765625,0.666015625,0.491739958524704,0.5594155788421631
Error Identification,0.6941043138504028,0.1517333984375,0.7265625,0.5349528193473816,0.598613440990448
Error Identification,0.7739667296409607,0.1842041015625,0.767578125,0.5731201171875,0.6534587740898132
Error Identification,0.6322099566459656,0.06781005859375,0.6220703125,0.43731689453125,0.515274167060852
Error Identification,0.7461223602294922,0.1591796875,0.75,0.5530599355697632,0.6302849054336548
Error Identification,0.7720876932144165,0.2047119140625,0.76123046875,0.5757243037223816,0.6542696952819824
Error Identification,0.7765177488327026,0.2176513671875,0.73974609375,0.5657145380973816,0.6500358581542969
Error Identification,0.7573834657669067,0.2305908203125,0.7607421875,0.5840250849723816,0.6533684730529785
Explanation Generation,0.6416306495666504,0.07513427734375,0.66552734375,0.4687296748161316,0.5378900766372681
Explanation Generation,0.8250974416732788,0.12347412109375,0.80078125,0.57501220703125,0.6750463247299194
Explanation Generation,0.6996166706085205,0.1680908203125,0.68603515625,0.5133870244026184,0.5878788828849792
Explanation Generation,0.6601272821426392,0.087890625,0.6513671875,0.4635416865348816,0.5421759486198425
Explanation Generation,0.8190224766731262,0.2132568359375,0.7919921875,0.5990803837776184,0.6870572566986084
Explanation Generation,0.6878392696380615,0.05792236328125,0.64599609375,0.4499714970588684,0.5451186299324036
Explanation Generation,0.7718104124069214,0.2381591796875,0.7509765625,0.5800374150276184,0.6567466259002686
Explanation Generation,0.7988695502281189,0.15234375,0.80078125,0.5846354365348816,0.6703290939331055
Explanation Generation,0.821308970451355,0.12139892578125,0.7998046875,0.57366943359375,0.672725260257721
Explanation Generation,0.7646124362945557,0.165771484375,0.76025390625,0.5620930790901184,0.6431008577346802
Explanation Generation,0.7939972877502441,0.226806640625,0.734375,0.5651856064796448,0.6567102670669556
Explanation Generation,0.7768953442573547,0.1326904296875,0.71435546875,0.5204671025276184,0.6230384111404419
Explanation Generation,0.8440822958946228,0.2352294921875,0.84033203125,0.6386311650276184,0.7208116054534912
Explanation Generation,0.8417597413063049,0.194091796875,0.78759765625,0.5897623896598816,0.6905612945556641
Explanation Generation,0.8016680479049683,0.2440185546875,0.79833984375,0.6135661005973816,0.6888068914413452
Explanation Generation,0.8326591849327087,0.2073974609375,0.78759765625,0.5941975712776184,0.6895822286605835
Explanation Generation,0.6927025318145752,0.1663818359375,0.6474609375,0.4871012568473816,0.569341778755188
Explanation Generation,0.7781781554222107,0.1981201171875,0.787109375,0.5907796025276184,0.6657390594482422
Explanation Generation,0.7569119930267334,0.2281494140625,0.73828125,0.5682373046875,0.6437071561813354
Explanation Generation,0.7245586514472961,0.1573486328125,0.7216796875,0.5335693359375,0.6099650859832764
Explanation Generation,0.7711787819862366,0.151123046875,0.7666015625,0.5614420771598816,0.6453367471694946
Explanation Generation,0.7920017242431641,0.1929931640625,0.77685546875,0.5822346806526184,0.6661415100097656
Explanation Generation,0.7679345011711121,0.1444091796875,0.68994140625,0.5080973505973816,0.6120322346687317
Explanation Generation,0.7854229211807251,0.255615234375,0.77734375,0.6034342050552368,0.67622971534729
Explanation Generation,0.8127166628837585,0.1492919921875,0.75537109375,0.5533447265625,0.6570935249328613
Explanation Generation,0.774500846862793,0.1837158203125,0.70458984375,0.5309651494026184,0.6283794641494751
Explanation Generation,0.8577033877372742,0.26171875,0.8349609375,0.6438801884651184,0.7294094562530518
Explanation Generation,0.737542450428009,0.17626953125,0.70361328125,0.52783203125,0.6117162108421326
Explanation Generation,0.8299579620361328,0.2454833984375,0.822265625,0.6300048828125,0.7099860906600952
Explanation Generation,0.6889840364456177,0.071044921875,0.681640625,0.4781087040901184,0.562458872795105
Findings Generation,0.5790466666221619,0.06585693359375,0.57470703125,0.40509033203125,0.4746728837490082
Findings Generation,0.6053658127784729,0.03802490234375,0.55517578125,0.3827921748161316,0.4718216359615326
Findings Generation,0.7231427431106567,0.09625244140625,0.7041015625,0.5014851689338684,0.5901482105255127
Findings Generation,0.6153780817985535,0.0455322265625,0.5537109375,0.3843180239200592,0.47674208879470825
Findings Generation,0.6187183260917664,0.09423828125,0.62646484375,0.4490559697151184,0.5169209241867065
Findings Generation,0.6837908625602722,0.08837890625,0.68603515625,0.48681640625,0.5656062364578247
Findings Generation,0.651647686958313,0.062744140625,0.6240234375,0.4369303584098816,0.5228172540664673
Findings Generation,0.7614611387252808,0.1136474609375,0.7578125,0.5430907607078552,0.6304389238357544
Findings Generation,0.6065583229064941,0.049102783203125,0.6171875,0.427825927734375,0.4993188977241516
Findings Generation,0.6179018020629883,0.10693359375,0.63134765625,0.45654296875,0.5210865139961243
Findings Generation,0.5213392972946167,0.041473388671875,0.4794921875,0.3334859311580658,0.4086272716522217
Findings Generation,0.7349532246589661,0.08123779296875,0.7001953125,0.493876188993454,0.5903069972991943
Findings Generation,0.7234119772911072,0.0751953125,0.708984375,0.4977213144302368,0.587997555732727
Findings Generation,0.6433643102645874,0.0877685546875,0.626953125,0.4472249746322632,0.5256807208061218
Findings Generation,0.6274458765983582,0.042816162109375,0.58154296875,0.4019673466682434,0.49215877056121826
Findings Generation,0.5895182490348816,0.03631591796875,0.517578125,0.3571573793888092,0.45010173320770264
Findings Generation,0.6238435506820679,0.0489501953125,0.61669921875,0.4274495244026184,0.506007194519043
Findings Generation,0.610564112663269,0.04278564453125,0.64013671875,0.4410197138786316,0.5088374614715576
Findings Generation,0.6713452935218811,0.093505859375,0.65185546875,0.4657389223575592,0.5479815006256104
Findings Generation,0.6603345274925232,0.11395263671875,0.63623046875,0.4621378481388092,0.5414165258407593
Findings Generation,0.6816405057907104,0.09722900390625,0.6484375,0.4647013545036316,0.5514770150184631
Findings Generation,0.7488133907318115,0.1595458984375,0.7001953125,0.5199788212776184,0.6115126609802246
Findings Generation,0.7273795008659363,0.156982421875,0.6806640625,0.506103515625,0.5946139097213745
Findings Generation,0.7329826951026917,0.065185546875,0.6943359375,0.484619140625,0.5839645862579346
Findings Generation,0.6644695401191711,0.045318603515625,0.6611328125,0.4558614194393158,0.5393046736717224
Findings Generation,0.6207867860794067,0.097900390625,0.5859375,0.4232584238052368,0.5022698044776917
Findings Generation,0.603792130947113,0.06982421875,0.57568359375,0.4070638120174408,0.48575514554977417
Findings Generation,0.6783007383346558,0.08355712890625,0.63720703125,0.4526570439338684,0.5429145097732544
Findings Generation,0.7573196291923523,0.1287841796875,0.71923828125,0.5224202275276184,0.616379976272583
Findings Generation,0.7241408228874207,0.090576171875,0.68701171875,0.4881998300552368,0.5825762748718262
Impression Generation,0.6999037861824036,0.1805419921875,0.68798828125,0.5188395380973816,0.5912652611732483
Impression Generation,0.7385783195495605,0.177001953125,0.74365234375,0.5547688603401184,0.6282926797866821
Impression Generation,0.8038387894630432,0.2105712890625,0.83544921875,0.6271565556526184,0.6978294849395752
Impression Generation,0.8042060732841492,0.1727294921875,0.80029296875,0.5911051630973816,0.6763455271720886
Impression Generation,0.7765229344367981,0.12017822265625,0.79638671875,0.57098388671875,0.6531995534896851
Impression Generation,0.6351408958435059,0.146240234375,0.6767578125,0.4999186396598816,0.5540075302124023
Impression Generation,0.7418679594993591,0.1817626953125,0.7744140625,0.5768636465072632,0.6428653597831726
Impression Generation,0.7305957674980164,0.1221923828125,0.7158203125,0.5179443359375,0.6030049324035645
Impression Generation,0.8490298986434937,0.345703125,0.857421875,0.6868489384651184,0.7517213821411133
Impression Generation,0.7481409311294556,0.140869140625,0.77197265625,0.5616048574447632,0.6362192630767822
Impression Generation,0.7373818755149841,0.145751953125,0.74365234375,0.5443522334098816,0.6215640902519226
Impression Generation,0.697175920009613,0.1278076171875,0.71826171875,0.5214436650276184,0.5917365550994873
Impression Generation,0.7405288815498352,0.15087890625,0.73193359375,0.5382487177848816,0.6191607713699341
Impression Generation,0.6626582145690918,0.1685791015625,0.67236328125,0.5044351816177368,0.5677244067192078
Impression Generation,0.6128323078155518,0.10028076171875,0.61376953125,0.4426065981388092,0.5106968879699707
Impression Generation,0.7212329506874084,0.181640625,0.73828125,0.552734375,0.6201338171958923
Impression Generation,0.7991161346435547,0.30029296875,0.7744140625,0.6163737177848816,0.689470648765564
Impression Generation,0.7765140533447266,0.2032470703125,0.77099609375,0.5817464590072632,0.6596534848213196
Impression Generation,0.7500040531158447,0.187744140625,0.74462890625,0.5590006709098816,0.6354020237922668
Impression Generation,0.6999866962432861,0.10406494140625,0.6982421875,0.50018310546875,0.5801045894622803
Impression Generation,0.7783601880073547,0.1553955078125,0.794921875,0.5817464590072632,0.6603919267654419
Impression Generation,0.7491956353187561,0.1441650390625,0.70654296875,0.5190836191177368,0.6111284494400024
Impression Generation,0.7772448062896729,0.210205078125,0.78515625,0.593505859375,0.6670014262199402
Impression Generation,0.8382989168167114,0.21484375,0.8466796875,0.6360677480697632,0.7169601917266846
Impression Generation,0.75412517786026,0.1595458984375,0.7607421875,0.5603433847427368,0.637856125831604
Impression Generation,0.7479961514472961,0.1474609375,0.73828125,0.5413411259651184,0.6240031719207764
Impression Generation,0.7334455847740173,0.1881103515625,0.76611328125,0.5734456181526184,0.6374456286430359
Impression Generation,0.750059962272644,0.1295166015625,0.75146484375,0.5441487431526184,0.6265132427215576
Impression Generation,0.8245980143547058,0.1705322265625,0.81689453125,0.6014404296875,0.6907034516334534
Impression Generation,0.7207317352294922,0.203125,0.71630859375,0.5452473759651184,0.6154411435127258
Impression Summary,0.8509189486503601,0.1123046875,0.8623046875,0.6123046875,0.7077504396438599
Impression Summary,0.6494696140289307,0.061004638671875,0.630859375,0.4409077763557434,0.5243325233459473
Impression Summary,0.7549628019332886,0.1624755859375,0.75830078125,0.5596923828125,0.6378005743026733
Impression Summary,0.7505771517753601,0.1689453125,0.70068359375,0.5234375,0.6142933368682861
Impression Summary,0.6667860746383667,0.1751708984375,0.6455078125,0.4887288212776184,0.5599517226219177
Impression Summary,0.7274491190910339,0.154541015625,0.68212890625,0.5062662363052368,0.5947394371032715
Impression Summary,0.6925157308578491,0.142578125,0.650390625,0.4811197817325592,0.5656781792640686
Impression Summary,0.6816110014915466,0.1246337890625,0.62939453125,0.4611409604549408,0.5493289828300476
Impression Summary,0.7100529670715332,0.1295166015625,0.71923828125,0.5226643681526184,0.5976198315620422
Impression Summary,0.6711994409561157,0.12432861328125,0.650390625,0.4750365912914276,0.5535017251968384
Impression Summary,0.6417949199676514,0.10345458984375,0.6337890625,0.4570108950138092,0.5309245586395264
Impression Summary,0.7603268623352051,0.1705322265625,0.74365234375,0.5526123046875,0.635698139667511
Impression Summary,0.7666333913803101,0.158935546875,0.783203125,0.5751139521598816,0.651721715927124
Impression Summary,0.6520288586616516,0.04071044921875,0.6552734375,0.4504190683364868,0.5310629606246948
Impression Summary,0.7135125398635864,0.1109619140625,0.6787109375,0.4894612729549408,0.5790817737579346
Impression Summary,0.6686387062072754,0.05877685546875,0.671875,0.4675089716911316,0.5479608774185181
Impression Summary,0.8000447750091553,0.1524658203125,0.7890625,0.5768636465072632,0.6661360859870911
Impression Summary,0.7937615513801575,0.258056640625,0.7958984375,0.6166178584098816,0.687475323677063
Impression Summary,0.6781885623931885,0.100341796875,0.6640625,0.4761555790901184,0.5569688081741333
Impression Summary,0.806512176990509,0.145263671875,0.818359375,0.593994140625,0.6790013313293457
Impression Summary,0.7443291544914246,0.1588134765625,0.73193359375,0.5408935546875,0.6222678422927856
Impression Summary,0.683457612991333,0.09539794921875,0.68310546875,0.4872030019760132,0.5657048225402832
Impression Summary,0.7383214235305786,0.1376953125,0.70361328125,0.5149739980697632,0.6043130159378052
Impression Summary,0.8517175912857056,0.1627197265625,0.82763671875,0.6059977412223816,0.7042856812477112
Impression Summary,0.7305026054382324,0.2418212890625,0.68603515625,0.5379638671875,0.6149793863296509
Impression Summary,0.7642313241958618,0.199951171875,0.78076171875,0.5871582627296448,0.6579874753952026
Impression Summary,0.7821131944656372,0.1055908203125,0.791015625,0.5625406503677368,0.6503697037696838
Impression Summary,0.6259701251983643,0.0467529296875,0.6298828125,0.4355061948299408,0.5116918087005615
Impression Summary,0.7557931542396545,0.1123046875,0.73681640625,0.5286458730697632,0.6195048093795776
Impression Summary,0.7137008309364319,0.20263671875,0.70263671875,0.5359700918197632,0.6070623993873596
Inference Making,0.7471577525138855,0.1658935546875,0.740234375,0.5487874746322632,0.6281355619430542
Inference Making,0.7625375986099243,0.200927734375,0.76708984375,0.578369140625,0.6520365476608276
Inference Making,0.7179612517356873,0.132568359375,0.6826171875,0.499267578125,0.586745023727417
Inference Making,0.7205318212509155,0.1651611328125,0.7197265625,0.5348714590072632,0.609135627746582
Inference Making,0.8257960081100464,0.248291015625,0.79052734375,0.6097819209098816,0.6961876153945923
Inference Making,0.7083913087844849,0.216064453125,0.71533203125,0.5489094853401184,0.6127022504806519
Inference Making,0.7840970158576965,0.182373046875,0.7685546875,0.5731608271598816,0.6575353145599365
Inference Making,0.7828304171562195,0.2156982421875,0.7626953125,0.5803629159927368,0.661349892616272
Inference Making,0.7117435336112976,0.08941650390625,0.73291015625,0.5184122920036316,0.595744788646698
Inference Making,0.7388862371444702,0.1917724609375,0.74609375,0.5613199472427368,0.632346510887146
Inference Making,0.7568722367286682,0.2080078125,0.73974609375,0.5625,0.6402488946914673
Inference Making,0.7049556970596313,0.1680908203125,0.708984375,0.5286864638328552,0.5991941690444946
Inference Making,0.7636153697967529,0.14306640625,0.751953125,0.5489908456802368,0.6348406672477722
Inference Making,0.7753457427024841,0.135498046875,0.791015625,0.572509765625,0.6536442041397095
Inference Making,0.7914398312568665,0.26953125,0.7294921875,0.5761719346046448,0.6622791290283203
Inference Making,0.8737438321113586,0.290283203125,0.84228515625,0.6582844853401184,0.7444682121276855
Inference Making,0.8216050863265991,0.2457275390625,0.8173828125,0.6268311142921448,0.7047407031059265
Inference Making,0.8552872538566589,0.317626953125,0.82958984375,0.6589356064796448,0.7374762296676636
Inference Making,0.8476700186729431,0.283447265625,0.82470703125,0.644287109375,0.7256402969360352
Inference Making,0.8308515548706055,0.2115478515625,0.82080078125,0.6177164912223816,0.7029705047607422
Inference Making,0.8613834381103516,0.315673828125,0.8349609375,0.661865234375,0.7416725158691406
Inference Making,0.7307281494140625,0.218017578125,0.6943359375,0.5355631113052368,0.6136291027069092
Inference Making,0.7782225608825684,0.2269287109375,0.79150390625,0.6033121943473816,0.6732763648033142
Inference Making,0.8145279884338379,0.265380859375,0.8642578125,0.6646321415901184,0.724590539932251
Inference Making,0.8351446390151978,0.231689453125,0.84375,0.6397298574447632,0.7178957462310791
Inference Making,0.7641958594322205,0.255615234375,0.744140625,0.581298828125,0.654457688331604
Inference Making,0.8159345984458923,0.280029296875,0.8115234375,0.6343587040901184,0.706989049911499
Inference Making,0.7561335563659668,0.2425537109375,0.78759765625,0.6059163212776184,0.6660032272338867
Inference Making,0.7435504198074341,0.25,0.7900390625,0.6100260615348816,0.6634358167648315
Inference Making,0.8524867296218872,0.255615234375,0.82861328125,0.6376138925552368,0.7235630750656128
Inference-based,0.7495999336242676,0.25439453125,0.7548828125,0.5880534052848816,0.6526720523834229
Inference-based,0.6543611288070679,0.138671875,0.619140625,0.458984375,0.537135124206543
Inference-based,0.7752805948257446,0.220703125,0.72705078125,0.5582682490348816,0.6450731754302979
Inference-based,0.7435309290885925,0.1929931640625,0.73583984375,0.5548909306526184,0.6303468942642212
Inference-based,0.6518033742904663,0.11761474609375,0.61376953125,0.4483846127986908,0.5297521352767944
Inference-based,0.8028745055198669,0.235595703125,0.78466796875,0.6016438603401184,0.6821361184120178
Inference-based,0.8352770805358887,0.240234375,0.82080078125,0.6272786855697632,0.7104780673980713
Inference-based,0.8218781352043152,0.250732421875,0.8056640625,0.6206868290901184,0.7011634111404419
Inference-based,0.7448229789733887,0.17041015625,0.75244140625,0.5584309697151184,0.6329877972602844
Inference-based,0.8260058164596558,0.27099609375,0.771484375,0.6046549081802368,0.6931953430175781
Inference-based,0.8329177498817444,0.20263671875,0.83837890625,0.62646484375,0.7090460062026978
Inference-based,0.8483756184577942,0.2393798828125,0.8583984375,0.6520588994026184,0.7305855751037598
Inference-based,0.7738041281700134,0.156494140625,0.744140625,0.5482584834098816,0.6384767293930054
Inference-based,0.7078637480735779,0.13232421875,0.73974609375,0.5372721552848816,0.6055088043212891
Inference-based,0.8660058379173279,0.205322265625,0.8505859375,0.6354979872703552,0.7277011871337891
Inference-based,0.8511082530021667,0.1956787109375,0.81201171875,0.6065673828125,0.7043837308883667
Inference-based,0.8459967970848083,0.31005859375,0.82958984375,0.6564127802848816,0.7322463989257812
Inference-based,0.8626793026924133,0.254638671875,0.86962890625,0.6646321415901184,0.7438510656356812
Inference-based,0.725100040435791,0.1488037109375,0.6826171875,0.5046793818473816,0.5928476452827454
Inference-based,0.8029605150222778,0.262939453125,0.775390625,0.6045735478401184,0.683928370475769
Inference-based,0.7630626559257507,0.21435546875,0.75390625,0.5740559697151184,0.6496586799621582
Inference-based,0.8031455278396606,0.1851806640625,0.7685546875,0.5740966796875,0.6657162308692932
Inference-based,0.7300699353218079,0.2265625,0.70458984375,0.5452473759651184,0.6191763877868652
Inference-based,0.8423468470573425,0.25390625,0.84326171875,0.6468098759651184,0.7250247001647949
Inference-based,0.8393543362617493,0.28173828125,0.83251953125,0.64892578125,0.7250971794128418
Inference-based,0.7822189331054688,0.2239990234375,0.76708984375,0.5860595703125,0.6645233631134033
Inference-based,0.832552433013916,0.247314453125,0.837890625,0.6410319209098816,0.7176401615142822
Inference-based,0.7492609620094299,0.25537109375,0.73583984375,0.5756835341453552,0.645114541053772
Inference-based,0.8645477294921875,0.2479248046875,0.8603515625,0.6562092900276184,0.7395446300506592
Inference-based,0.8215402364730835,0.2210693359375,0.78271484375,0.5954996347427368,0.6859159469604492
Object Detection,0.7847647070884705,0.1947021484375,0.77587890625,0.5821533203125,0.6631978750228882
Object Detection,0.5236655473709106,0.040374755859375,0.483154296875,0.3355611264705658,0.4108029007911682
Object Detection,0.561233639717102,0.0443115234375,0.54541015625,0.3783772885799408,0.45151984691619873
Object Detection,0.6550110578536987,0.12042236328125,0.68212890625,0.4948933720588684,0.5589404702186584
Object Detection,0.5484219193458557,0.04052734375,0.51025390625,0.3536783754825592,0.43157580494880676
Object Detection,0.6115163564682007,0.0799560546875,0.5849609375,0.4166259765625,0.4945821464061737
Object Detection,0.5705341100692749,0.048736572265625,0.5546875,0.3860371708869934,0.459835946559906
Object Detection,0.613726794719696,0.04876708984375,0.625,0.4329223334789276,0.5052441358566284
Object Detection,0.7461183667182922,0.12286376953125,0.6962890625,0.5051473379135132,0.6015357375144958
Object Detection,0.5352294445037842,0.08197021484375,0.533203125,0.3827921748161316,0.44376707077026367
Object Detection,0.6363227963447571,0.087158203125,0.640625,0.4561360478401184,0.5282107591629028
Object Detection,0.733323335647583,0.149169921875,0.72412109375,0.532470703125,0.6128117442131042
Object Detection,0.6283953189849854,0.10272216796875,0.62158203125,0.4486287534236908,0.5205353498458862
Object Detection,0.7052600383758545,0.1820068359375,0.724609375,0.5437418818473816,0.6083491444587708
Object Detection,0.7362266778945923,0.156982421875,0.71533203125,0.5292154550552368,0.612019956111908
Object Detection,0.8074848055839539,0.1904296875,0.80712890625,0.6015625,0.6839314699172974
Object Detection,0.835274875164032,0.16943359375,0.8046875,0.5929362177848816,0.6898716688156128
Object Detection,0.7436549067497253,0.177734375,0.6728515625,0.5078125,0.602149486541748
Object Detection,0.7412054538726807,0.146484375,0.71630859375,0.5263671875,0.6123024821281433
Object Detection,0.7126047611236572,0.10760498046875,0.66552734375,0.47955322265625,0.572773814201355
Object Detection,0.6782069802284241,0.159423828125,0.6552734375,0.4899902045726776,0.5652769207954407
Object Detection,0.7557200193405151,0.138427734375,0.7197265625,0.5259603261947632,0.6178642511367798
Object Detection,0.6721584796905518,0.081787109375,0.67236328125,0.4755045473575592,0.5541661381721497
Object Detection,0.6908327341079712,0.09857177734375,0.640625,0.4599405825138092,0.5522974729537964
Object Detection,0.6942336559295654,0.11126708984375,0.6884765625,0.4960733950138092,0.5753375291824341
Object Detection,0.6365640163421631,0.1158447265625,0.61181640625,0.4464925229549408,0.5225211381912231
Object Detection,0.6965916752815247,0.08306884765625,0.65283203125,0.4629109799861908,0.5563832521438599
Object Detection,0.7350348234176636,0.141357421875,0.72021484375,0.5272623896598816,0.6103713512420654
Object Detection,0.7732698917388916,0.11328125,0.7646484375,0.5475260615348816,0.6378235816955566
Object Detection,0.6326497197151184,0.1688232421875,0.62353515625,0.4719645082950592,0.5362386107444763
Open-ended,0.7152328491210938,0.133544921875,0.71240234375,0.5194498896598816,0.5977630615234375
Open-ended,0.6422047019004822,0.0723876953125,0.6962890625,0.4883219599723816,0.5498750805854797
Open-ended,0.6220515966415405,0.08905029296875,0.66455078125,0.47271728515625,0.5324510335922241
Open-ended,0.6335120797157288,5.960464477539063e-08,0.6708984375,0.4472656548023224,0.5217642188072205
Open-ended,0.6521374583244324,0.09771728515625,0.62841796875,0.4515177309513092,0.5317656397819519
Open-ended,0.6086650490760803,0.0513916015625,0.6064453125,0.4214274287223816,0.4963224530220032
Open-ended,0.6453166604042053,0.1319580078125,0.6494140625,0.4769286811351776,0.5442838668823242
Open-ended,0.6963708996772766,0.11724853515625,0.74072265625,0.53289794921875,0.5982871055603027
Open-ended,0.7528665661811829,0.10894775390625,0.7265625,0.52069091796875,0.6135611534118652
Open-ended,0.7454814910888672,0.154541015625,0.7119140625,0.526123046875,0.6138664484024048
Open-ended,0.7437407970428467,0.136962890625,0.78369140625,0.5681151747703552,0.6383654475212097
Open-ended,0.7463468313217163,0.09442138671875,0.7490234375,0.53082275390625,0.6170324087142944
Open-ended,0.7479799389839172,0.11322021484375,0.7216796875,0.51885986328125,0.6105079054832458
Open-ended,0.7491319179534912,0.1512451171875,0.71826171875,0.5292562246322632,0.6172065138816833
Open-ended,0.6354949474334717,0.0712890625,0.65576171875,0.4609375,0.5307605266571045
Open-ended,0.7778461575508118,0.126708984375,0.76025390625,0.549072265625,0.6405818462371826
Open-ended,0.6818625330924988,0.1298828125,0.69384765625,0.505859375,0.5762606859207153
Open-ended,0.7299052476882935,0.1456298828125,0.6953125,0.5120850205421448,0.5992131233215332
Open-ended,0.6081984043121338,0.04833984375,0.5927734375,0.4112955629825592,0.49005669355392456
Open-ended,0.5639930367469788,0.0302581787109375,0.63427734375,0.4329376220703125,0.485359787940979
Open-ended,0.7203167080879211,0.11572265625,0.72509765625,0.52197265625,0.6013102531433105
Open-ended,0.7008875012397766,0.031951904296875,0.72216796875,0.4920959770679474,0.5756126046180725
Open-ended,0.7365128993988037,0.1212158203125,0.73779296875,0.5322672724723816,0.6139655113220215
Open-ended,0.5742418766021729,0.0,0.623046875,0.4153645634651184,0.4789155125617981
Open-ended,0.6966562867164612,0.1610107421875,0.70068359375,0.5207926630973816,0.5911381244659424
Open-ended,0.7057659029960632,0.09820556640625,0.71337890625,0.5083211064338684,0.5872990489006042
Open-ended,0.5974059104919434,0.0,0.6640625,0.4427083134651184,0.5045873522758484
Open-ended,0.6518950462341309,0.10223388671875,0.66015625,0.4741820991039276,0.5452672839164734
Open-ended,0.8190845251083374,0.163818359375,0.81591796875,0.5985513925552368,0.6867647171020508
Open-ended,0.7047086954116821,0.08740234375,0.73779296875,0.52099609375,0.5944811105728149
Quality Assessment,0.5615889430046082,0.033172607421875,0.5419921875,0.3723856508731842,0.44806697964668274
Quality Assessment,0.7085398435592651,0.08404541015625,0.68212890625,0.4827677011489868,0.573076605796814
Quality Assessment,0.5941043496131897,0.0511474609375,0.54638671875,0.3813069760799408,0.46642592549324036
Quality Assessment,0.6145347952842712,0.00658416748046875,0.6005859375,0.40258532762527466,0.48736512660980225
Quality Assessment,0.5347095131874084,0.00457000732421875,0.52197265625,0.34950512647628784,0.4235868752002716
Quality Assessment,0.6259794235229492,0.049407958984375,0.5869140625,0.407745361328125,0.4950389862060547
Quality Assessment,0.645277738571167,0.12432861328125,0.59716796875,0.4395548403263092,0.5218440294265747
Quality Assessment,0.6476735472679138,0.0472412109375,0.6025390625,0.4174397885799408,0.5095332860946655
Quality Assessment,0.782315194606781,0.07757568359375,0.7685546875,0.5382283926010132,0.6358631253242493
Quality Assessment,0.5861579775810242,0.03955078125,0.61474609375,0.4230143129825592,0.4882718026638031
Quality Assessment,0.5889313817024231,0.06378173828125,0.56005859375,0.3946329951286316,0.47235235571861267
Quality Assessment,0.6321763396263123,0.0865478515625,0.59814453125,0.4276123046875,0.5094379186630249
Quality Assessment,0.6428204774856567,0.07720947265625,0.61962890625,0.4388223886489868,0.5204216837882996
Quality Assessment,0.6682870388031006,0.1087646484375,0.6904296875,0.4965413510799408,0.565239667892456
Quality Assessment,0.7861937284469604,0.106201171875,0.765625,0.5458170771598816,0.6419677734375
Quality Assessment,0.7338846921920776,0.09112548828125,0.74267578125,0.5254923701286316,0.608849287033081
Quality Assessment,0.6279919743537903,0.0736083984375,0.59765625,0.4229736328125,0.5049809813499451
Quality Assessment,0.6671023964881897,0.0623779296875,0.625,0.4374592900276184,0.5293165445327759
Quality Assessment,0.760250985622406,0.129638671875,0.74609375,0.5406087040901184,0.6284656524658203
Quality Assessment,0.6789501905441284,0.0902099609375,0.66943359375,0.4763590693473816,0.5573955178260803
Quality Assessment,0.7177321910858154,0.0899658203125,0.71240234375,0.5049235224723816,0.5900470018386841
Quality Assessment,0.6791678071022034,0.08392333984375,0.634765625,0.4511515200138092,0.5423580408096313
Quality Assessment,0.6792998909950256,0.07958984375,0.67138671875,0.4741210639476776,0.5561926364898682
Quality Assessment,0.7132782936096191,0.1273193359375,0.71044921875,0.5160725712776184,0.5949548482894897
Quality Assessment,0.776818573474884,0.1884765625,0.73828125,0.5550130009651184,0.6437352895736694
Quality Assessment,0.7209005951881409,0.04180908203125,0.7451171875,0.51068115234375,0.5947689414024353
Quality Assessment,0.7450141906738281,0.1444091796875,0.71533203125,0.5250244140625,0.6130203008651733
Quality Assessment,0.6879342794418335,0.1214599609375,0.6552734375,0.4773356020450592,0.5615750551223755
Quality Assessment,0.7346889972686768,0.1953125,0.70654296875,0.5361328125,0.6155552864074707
Quality Assessment,0.564126193523407,0.050994873046875,0.56201171875,0.3916727602481842,0.4606541395187378
Selection,0.599129319190979,0.048431396484375,0.54931640625,0.382354736328125,0.4690645635128021
Selection,0.5514645576477051,0.057342529296875,0.513671875,0.3615621030330658,0.4375230669975281
Selection,0.7424038648605347,0.10955810546875,0.712890625,0.51177978515625,0.6040294170379639
Selection,0.6368600130081177,0.12310791015625,0.5712890625,0.4218953251838684,0.507881224155426
Selection,0.6982690095901489,0.10546875,0.6552734375,0.4720051884651184,0.5625107288360596
Selection,0.6759551763534546,0.10992431640625,0.6337890625,0.4591675102710724,0.5458825826644897
Selection,0.7043953537940979,0.163330078125,0.68896484375,0.5137532949447632,0.5900101661682129
Selection,0.586118757724762,0.028594970703125,0.5400390625,0.3695576786994934,0.4561821222305298
Selection,0.6568095684051514,0.102783203125,0.62841796875,0.453206330537796,0.5346476435661316
Selection,0.6585915088653564,0.09161376953125,0.66650390625,0.4748738706111908,0.5483609437942505
Selection,0.7349740266799927,0.1551513671875,0.71923828125,0.5312092900276184,0.6127152442932129
Selection,0.5893663763999939,0.08685302734375,0.59765625,0.4273884892463684,0.49217963218688965
Selection,0.6045563220977783,0.0162811279296875,0.62939453125,0.4250234365463257,0.4968366026878357
Selection,0.6905944347381592,0.141845703125,0.701171875,0.5147297978401184,0.5850756764411926
Selection,0.6260271072387695,0.1446533203125,0.60107421875,0.4489339292049408,0.5197712182998657
Selection,0.7104754447937012,0.11273193359375,0.72314453125,0.5196736454963684,0.5959943532943726
Selection,0.5928818583488464,0.07159423828125,0.587890625,0.4157918393611908,0.48662781715393066
Selection,0.531888484954834,0.054412841796875,0.529296875,0.371002197265625,0.4353567361831665
Selection,0.6420944333076477,0.110595703125,0.6025390625,0.4385579526424408,0.519972562789917
Selection,0.7044663429260254,0.0718994140625,0.67138671875,0.4715576171875,0.5647211074829102
Selection,0.623508632183075,0.09295654296875,0.61865234375,0.44342041015625,0.5154557228088379
Selection,0.6162824630737305,0.056121826171875,0.6064453125,0.4230041801929474,0.5003154873847961
Selection,0.6313397884368896,0.0478515625,0.6181640625,0.4280598759651184,0.509371817111969
Selection,0.6100075840950012,0.05517578125,0.60205078125,0.4197590947151184,0.4958585202693939
Selection,0.5985846519470215,0.08953857421875,0.5546875,0.3996378481388092,0.4792165756225586
Selection,0.7155869603157043,0.09820556640625,0.6923828125,0.4943237006664276,0.5828289985656738
Selection,0.7525158524513245,0.1614990234375,0.6953125,0.5173746943473816,0.6114311814308167
Selection,0.6115401387214661,0.14111328125,0.5986328125,0.4461263120174408,0.5122918486595154
Selection,0.59661465883255,0.1536865234375,0.55419921875,0.4206949770450592,0.49106284976005554
Selection,0.7443621158599854,0.0767822265625,0.70556640625,0.4959716796875,0.5953278541564941
View Classification,0.639063835144043,0.05523681640625,0.56201171875,0.3930867314338684,0.4914776086807251
View Classification,0.7490483522415161,0.1605224609375,0.68896484375,0.5128173828125,0.6073098182678223
View Classification,0.7319293022155762,0.1549072265625,0.72607421875,0.5356851816177368,0.6141828298568726
View Classification,0.6507335305213928,0.0009741783142089844,0.63232421875,0.4218742251396179,0.5134179592132568
View Classification,0.6574630737304688,0.13720703125,0.6796875,0.4988606572151184,0.5623016357421875
View Classification,0.7808470726013184,0.1141357421875,0.70068359375,0.5051676034927368,0.6154394149780273
View Classification,0.7078894972801208,0.1651611328125,0.67236328125,0.5032958984375,0.5851333141326904
View Classification,0.7513729333877563,0.187255859375,0.759765625,0.5689290761947632,0.6419066190719604
View Classification,0.7577012181282043,0.1317138671875,0.7431640625,0.5393472909927368,0.6266888976097107
View Classification,0.913291335105896,0.287353515625,0.8623046875,0.670654296875,0.7677091360092163
View Classification,0.7723753452301025,0.1436767578125,0.72509765625,0.5312906503677368,0.6277245283126831
View Classification,0.8787808418273926,0.2379150390625,0.85400390625,0.6486409902572632,0.740696907043457
View Classification,0.7440319657325745,0.2080078125,0.72119140625,0.5501301884651184,0.6276909112930298
View Classification,0.7779650092124939,0.1591796875,0.7451171875,0.5498046875,0.6410688161849976
View Classification,0.6589418649673462,0.030303955078125,0.62548828125,0.427093505859375,0.5198328495025635
View Classification,0.7559415102005005,0.1744384765625,0.7314453125,0.5457763671875,0.6298424005508423
View Classification,0.7840339541435242,0.16943359375,0.72119140625,0.5372721552848816,0.6359769105911255
View Classification,0.771945059299469,0.2032470703125,0.78955078125,0.5941162109375,0.6652477383613586
View Classification,0.810845673084259,0.1512451171875,0.79736328125,0.5819905400276184,0.6735326051712036
View Classification,0.6796315312385559,0.1839599609375,0.646484375,0.4923095703125,0.5672383308410645
View Classification,0.7341006994247437,0.1226806640625,0.6767578125,0.4920654296875,0.5888795852661133
View Classification,0.7799510955810547,0.1943359375,0.74462890625,0.5611978769302368,0.648699164390564
View Classification,0.7179803252220154,0.195068359375,0.75,0.5650228261947632,0.6262058019638062
View Classification,0.7481816411018372,0.19970703125,0.7431640625,0.5620116591453552,0.6364796757698059
View Classification,0.8602433800697327,0.2421875,0.81787109375,0.6259765625,0.7196832895278931
View Classification,0.7898251414299011,0.184326171875,0.7509765625,0.5620930790901184,0.6531859636306763
View Classification,0.7501686215400696,0.201171875,0.7060546875,0.5377604365348816,0.6227236986160278
View Classification,0.797287106513977,0.221923828125,0.78515625,0.597412109375,0.6773621439933777
View Classification,0.74152672290802,0.1424560546875,0.75390625,0.5500895380973816,0.626664400100708
View Classification,0.7402254939079285,0.13671875,0.71728515625,0.5237630605697632,0.6103480458259583
Fact-based,0.6982901096343994,0.190673828125,0.67138671875,0.5111490488052368,0.586005449295044
Fact-based,0.6233848333358765,0.10107421875,0.64111328125,0.4611002802848816,0.5260140895843506
Fact-based,0.7307554483413696,0.1700439453125,0.662109375,0.4980875849723816,0.5911547541618347
Fact-based,0.6466845273971558,0.13134765625,0.61865234375,0.4562174677848816,0.5324043035507202
Fact-based,0.6366307139396667,0.1002197265625,0.60400390625,0.4360758662223816,0.5162978172302246
Fact-based,0.718311607837677,0.1575927734375,0.6875,0.5108642578125,0.5938432216644287
Fact-based,0.7119920253753662,0.197265625,0.68994140625,0.5257161259651184,0.6002265214920044
Fact-based,0.5898669958114624,0.13525390625,0.61474609375,0.4549153447151184,0.5088960528373718
Fact-based,0.7658119201660156,0.156005859375,0.7138671875,0.5279133915901184,0.6230728626251221
Fact-based,0.6687647104263306,0.1622314453125,0.61962890625,0.4671630561351776,0.5478037595748901
Fact-based,0.6702067255973816,0.1697998046875,0.6826171875,0.5116780400276184,0.5750895738601685
Fact-based,0.5978838205337524,0.2259521484375,0.63720703125,0.5001220703125,0.539226770401001
Fact-based,0.7776737809181213,0.1309814453125,0.7490234375,0.5430094599723816,0.6368752121925354
Fact-based,0.7455891966819763,0.11346435546875,0.65625,0.4753214418888092,0.5834285616874695
Fact-based,0.7749759554862976,0.222900390625,0.7763671875,0.5918782353401184,0.6651173233985901
Fact-based,0.6179413795471191,0.06640625,0.61767578125,0.4339192807674408,0.5075281262397766
Fact-based,0.7567068338394165,0.245849609375,0.66943359375,0.5282389521598816,0.6196261048316956
Fact-based,0.7477865815162659,0.12939453125,0.66064453125,0.4835611879825592,0.5892513990402222
Fact-based,0.7201912999153137,0.1968994140625,0.70849609375,0.5379638671875,0.6108548641204834
Fact-based,0.6645887494087219,0.099365234375,0.6142578125,0.442626953125,0.5314116477966309
Fact-based,0.8141555190086365,0.307861328125,0.77392578125,0.6185709238052368,0.6968047618865967
Fact-based,0.7571638226509094,0.259521484375,0.7080078125,0.5585123300552368,0.6379729509353638
Fact-based,0.647490382194519,0.08319091796875,0.609375,0.4339803159236908,0.5193843841552734
Fact-based,0.6805272102355957,0.157958984375,0.6318359375,0.4738769829273224,0.5565370917320251
Fact-based,0.7430011630058289,0.15966796875,0.697265625,0.51806640625,0.6080403327941895
Fact-based,0.6541373133659363,0.10382080078125,0.64892578125,0.4672241508960724,0.5419894456863403
Fact-based,0.7414254546165466,0.08636474609375,0.68994140625,0.4887491762638092,0.5898196697235107
Fact-based,0.757239818572998,0.18896484375,0.73046875,0.5499674677848816,0.6328763961791992
Fact-based,0.6943427324295044,0.0931396484375,0.6826171875,0.4861246943473816,0.5694119334220886
Fact-based,0.7498033046722412,0.160888671875,0.685546875,0.5106608271598816,0.6063178777694702
Matching,0.7442979216575623,0.264892578125,0.72265625,0.570068359375,0.6397601962089539
Matching,0.7340658903121948,0.1544189453125,0.6728515625,0.5000407099723816,0.5936508178710938
Matching,0.7410028576850891,0.2265625,0.720703125,0.5559895634651184,0.6299948692321777
Matching,0.7854072451591492,0.2919921875,0.74755859375,0.595703125,0.6715847849845886
Matching,0.7162330150604248,0.2086181640625,0.6669921875,0.5142008662223816,0.5950137376785278
Matching,0.7133185267448425,0.1578369140625,0.68603515625,0.5099690556526184,0.5913088321685791
Matching,0.6767843961715698,0.143310546875,0.7041015625,0.5171712040901184,0.5810165405273438
Matching,0.7694178223609924,0.1646728515625,0.70947265625,0.5278727412223816,0.6244907379150391
Matching,0.815885603427887,0.3193359375,0.76171875,0.6142578125,0.6949089169502258
Matching,0.7149229645729065,0.2266845703125,0.67333984375,0.5244547724723816,0.6006420850753784
Matching,0.7574382424354553,0.126708984375,0.72119140625,0.5230305790901184,0.6167936325073242
Matching,0.7293394804000854,0.259765625,0.66259765625,0.5283203125,0.6087279915809631
Matching,0.7067601680755615,0.1395263671875,0.6552734375,0.4833577573299408,0.5727187395095825
Matching,0.6788785457611084,0.1812744140625,0.66015625,0.5005289316177368,0.5718687772750854
Matching,0.8010536432266235,0.340576171875,0.7705078125,0.627197265625,0.6967397928237915
Matching,0.7410720586776733,0.1610107421875,0.69775390625,0.5188395380973816,0.6077325344085693
Matching,0.7468430399894714,0.25732421875,0.6884765625,0.5447590947151184,0.6255927085876465
Matching,0.7796748280525208,0.178466796875,0.70166015625,0.5272623300552368,0.6282273530960083
Matching,0.7316139340400696,0.1292724609375,0.724609375,0.5261637568473816,0.6083438396453857
Matching,0.7542741298675537,0.189208984375,0.720703125,0.5435383915901184,0.6278327107429504
Matching,0.7604489922523499,0.22509765625,0.7431640625,0.5704752206802368,0.6464647650718689
Matching,0.7513818740844727,0.1846923828125,0.6962890625,0.5257568359375,0.6160068511962891
Matching,0.8465350866317749,0.2415771484375,0.79248046875,0.6088460087776184,0.7039216756820679
Matching,0.7705841064453125,0.252197265625,0.77783203125,0.6026204228401184,0.6698058843612671
Matching,0.7115317583084106,0.195556640625,0.64990234375,0.4984537661075592,0.5836849808692932
Matching,0.6527190208435059,0.2442626953125,0.666015625,0.5254313349723816,0.5763463973999023
Matching,0.7530291080474854,0.2198486328125,0.677734375,0.5251057744026184,0.6162751317024231
Matching,0.7563565969467163,0.30615234375,0.734375,0.5916341543197632,0.6575231552124023
Matching,0.7697980403900146,0.18798828125,0.6826171875,0.5177409052848816,0.6185637712478638
Matching,0.8046678304672241,0.25244140625,0.68896484375,0.54345703125,0.6479413509368896
