id,text_sim_score_malicious,text_sim_score_unmatch,image_text_sim_score_malicious_nature,image_text_sim_score_unmatch_nature,image_text_sim_score_malicious_bio,image_text_sim_score_unmatch_nature_bio
1,0.4902333915233612,0.5301034450531006,,,2.627737014574501,2.838011727013859
2,0.38869813084602356,0.3557361960411072,,,2.6866729431929617,1.5385613191972793
3,0.6510764956474304,0.29291000962257385,,,0.4452728899039425,0.7792370250973197
4,0.48236989974975586,0.49840229749679565,,,4.317357125266352,3.0032303341693054
5,0.5513975620269775,0.34708258509635925,,,3.3701657445619686,1.7472644618050046
6,0.3665558099746704,0.3712276220321655,,,2.1468185820737657,2.1468185820737657
7,0.25495946407318115,0.230153888463974,,,2.5920038456299674,2.165854732681068
8,0.47768741846084595,0.30405938625335693,,,1.2204717347860727,1.1750934085652152
9,0.2961742877960205,0.4134725034236908,,,0.9468848469436157,2.581975461731562
10,0.35930192470550537,0.2569762170314789,,,2.703988416566779,2.703988416566779
11,0.4225429892539978,0.27227577567100525,,,4.179297615308146,2.49431710581313
12,0.3595738410949707,0.2564089000225067,,,2.8271574687494048,2.8271574687494048
13,0.6388630867004395,0.3178173303604126,,,1.874931930598865,1.2737038695288068
14,0.6630821228027344,0.5595624446868896,,,2.4594503760538524,1.6917657677890625
15,0.34320420026779175,0.31630057096481323,,,3.358372157202745,1.2270521090518574
16,0.7664034366607666,0.28681737184524536,,,2.85673619402983,2.1854690904183993
17,0.5301038026809692,0.3471527099609375,,,2.182689766477399,3.658346459939553
18,0.26601603627204895,0.38161003589630127,,,2.763245694612398,2.868434073768736
19,0.3395662009716034,0.5401307344436646,,,2.255604236720902,1.9865518935317863
20,0.5089670419692993,0.41850078105926514,,,4.22425484384524,0.9475700120930391
21,0.4497973918914795,0.3550090491771698,,,-0.060564106972210284,2.3390899622323578
22,0.34955674409866333,0.4163525700569153,,,1.2662972247561606,2.019188033603637
23,0.31996646523475647,0.28685760498046875,,,2.273968532510083,2.273968532510083
24,0.47817689180374146,0.34853920340538025,,,4.573356311768593,-0.04794755688191066
25,0.36026817560195923,0.3255400061607361,,,2.433375753945108,2.433375753945108
26,0.5088586807250977,0.4279123842716217,,,4.723551991660734,1.7239352539837043
27,0.49490052461624146,0.3604009747505188,,,4.4357522052885185,1.2150033277811756
28,0.3301042318344116,0.27320539951324463,,,2.562074298045929,2.562074298045929
29,0.3642050325870514,0.29795631766319275,,,2.4774730400062723,2.4774730400062723
30,0.4107227325439453,0.3447319567203522,,,2.524271372583873,0.8770519560811055
31,0.44139349460601807,0.32080352306365967,,,3.4951250363047666,1.658114714955404
32,0.6438502669334412,0.4040933847427368,,,1.3235637367622834,1.305081866379931
33,0.36297380924224854,0.2771265208721161,,,2.461086596066097,2.461086596066097
34,0.3840230703353882,0.34889519214630127,,,0.6299504883700295,1.5116937816380922
35,0.6514800786972046,0.2999499440193176,,,3.8231483269601743,1.8032908153832916
36,0.47065097093582153,0.44442951679229736,,,3.15228005791884,1.4790736456550693
37,0.6897576451301575,0.419580340385437,,,4.380919344750346,1.3517658727190236
38,0.6125744581222534,0.32443517446517944,,,1.7610045266608785,3.1094848074804355
39,0.46819210052490234,0.3846264183521271,,,3.6276014961069176,1.9531172920381166
40,0.5860998630523682,0.4620630145072937,,,1.576689238581969,2.817977143102552
41,0.37637853622436523,0.30951017141342163,,,2.4760955791727994,2.4760955791727994
42,0.49968671798706055,0.3551284074783325,,,4.669879031421771,2.388662231235908
43,0.7662598490715027,0.4417034387588501,,,2.2642684701171367,2.2642684701171367
44,0.7872620224952698,0.31954896450042725,,,2.122564781595924,3.0007834515982146
45,0.33184754848480225,0.2852710485458374,,,2.445029741281981,2.445029741281981
46,0.3679053783416748,0.3051314651966095,,,1.4705605795929115,2.985504775826314
47,0.3679851293563843,0.296542227268219,,,2.097308427949627,1.3147183085583785
48,0.3793084919452667,0.2644190490245819,,,1.4260494056107726,3.2022790498056923
49,0.4998070001602173,0.3231049180030823,,,3.4449146636803265,0.25307582576178905
50,0.48790985345840454,0.43775564432144165,,,0.3881205456800027,2.1116202032262037
51,0.3679851293563843,0.2710225582122803,,,2.590162583133136,2.590162583133136
52,0.31082600355148315,0.438629150390625,,,2.4068517496985824,2.5807564572231176
53,0.3679053783416748,0.33403000235557556,,,1.6076037506823848,1.9032109971014064
54,0.34946542978286743,0.2615348696708679,,,1.2099801038214464,2.073032285129956
55,0.5316288471221924,0.4681749939918518,,,3.9925264126476194,2.621876824305971
56,0.34642505645751953,0.4217730760574341,,,2.6523804591555877,2.933241443054804
57,0.38621950149536133,0.28011733293533325,,,2.1496662006908536,2.1496662006908536
58,0.4293271601200104,0.291465163230896,,,1.1130789904641,1.1130789904641
59,0.2991153299808502,0.3857753276824951,,,2.0833349569269863,0.3261957742447724
60,0.6061536073684692,0.36540457606315613,,,4.573139860428603,1.9740008849389266
61,0.41975927352905273,0.5122175216674805,,,2.2687817816229243,2.08560484378302
62,0.33225518465042114,0.3849984407424927,,,3.3031298455206994,1.4490534610531143
63,0.48706915974617004,0.4822949469089508,,,3.3181835133110598,1.4465701335272672
64,0.32634085416793823,0.29061588644981384,,,2.4856847221382257,2.4856847221382257
65,0.6376221776008606,0.3422217071056366,,,1.271750736866505,0.9227583661229345
66,0.5119817852973938,0.5106308460235596,,,2.0152044415924197,1.0163361749754574
67,0.7055152058601379,0.27944421768188477,,,1.0114324270847994,2.243686261146531
68,0.4970930218696594,0.5100740790367126,,,1.6199661962484606,1.636857957409152
69,0.2359335720539093,0.3850410580635071,,,2.5846708038202975,2.3507542492303575
70,0.28328001499176025,0.40622463822364807,,,0.6495569232911095,2.7057365067444943
71,0.4462774395942688,0.31945347785949707,,,1.2083360402211127,0.7535479272273696
72,0.45862525701522827,0.5065602660179138,,,2.672348808323033,2.8595931615700945
73,0.3372865319252014,0.4527314305305481,,,1.946697592485911,2.19205532756821
74,0.6171188354492188,0.3374462127685547,,,0.8237425738799201,2.025641642809399
75,0.35451316833496094,0.30999284982681274,,,2.1579089402625127,2.7113205076384994
76,0.6263720989227295,0.4037480354309082,,,2.029431125822456,1.951591832997067
77,0.3245614469051361,0.2984920144081116,,,2.2905181864650377,2.2905181864650377
78,0.5283741354942322,0.4007290005683899,,,4.4231961260932575,0.5920969361121269
79,0.37930190563201904,0.31209975481033325,,,1.3004366399835572,0.9861942959158806
80,0.46078163385391235,0.2540487051010132,,,1.5897770972040255,0.42113571328132177
81,0.5551550984382629,0.33986955881118774,,,0.8619490083736614,1.0436209280384448
82,0.5491713881492615,0.4033277630805969,,,4.09367669081693,3.04474779280268
83,0.4330042898654938,0.3139583468437195,,,4.036492021502685,0.5893635645053847
84,0.3244379758834839,0.3081398606300354,,,2.1463169093487253,2.1463169093487253
85,0.2713053226470947,0.2920028865337372,,,1.5840790077559994,1.766523243548972
86,0.2985779047012329,0.325258731842041,,,2.371612806031813,2.371612806031813
87,0.38899070024490356,0.4678763151168823,,,1.9984673338049566,1.2196411067302733
88,0.4686146378517151,0.335701048374176,,,2.49115178226436,1.4195433473614263
89,0.7117170095443726,0.2912544906139374,,,2.5973378024430778,2.2051755112805727
90,0.33597224950790405,0.3896566927433014,,,2.9396161410107022,0.9015658626164815
91,0.32114821672439575,0.4965860843658447,,,3.417794863651694,0.10162499351205606
92,0.34737518429756165,0.23621731996536255,,,2.3384005187621586,2.8476788304911995
93,0.5044354200363159,0.4207528233528137,,,1.9206400836602693,1.794022704932373
94,0.3770672380924225,0.4151780903339386,,,1.8960310241017138,2.541980134556411
95,0.32614532113075256,0.4123108386993408,,,2.1638513693637322,0.7036008297869647
96,0.3296455144882202,0.26997295022010803,,,2.0986115727666617,2.0986115727666617
97,0.6438666582107544,0.47068601846694946,,,4.225122233768446,0.5806834854766469
98,0.5345500707626343,0.3987162113189697,,,1.3299755927264003,2.923374684607928
99,0.5740110874176025,0.21676118671894073,,,2.951174262270933,2.887888707530439
100,0.3358156979084015,0.27885839343070984,,,2.145652660434206,2.145652660434206
101,0.32614532113075256,0.3992685377597809,,,2.1638513693637322,1.7452675951969951
102,0.4245755076408386,0.4204355478286743,,,1.5298314848824828,-0.11301485396214733
103,0.6694457530975342,0.23723120987415314,,,1.7972284348440253,1.4548413952374315
104,0.517934262752533,0.30388081073760986,,,1.2860271763826003,4.644890785877422
105,0.5177432298660278,0.3010486960411072,,,2.9090014282772403,4.561025557467523
106,0.384000301361084,0.4539749324321747,,,3.2769604665295877,2.557585705726846
107,0.5412706136703491,0.28349101543426514,,,2.2800744885387325,2.603543585956495
108,0.7313776612281799,0.4625483453273773,,,2.6072238925616076,2.6072238925616076
109,0.3494221866130829,0.3198489546775818,,,2.260321639973326,2.260321639973326
110,0.6028177738189697,0.4494614005088806,,,3.998890652486065,1.298072709298619
111,0.382828950881958,0.4495059847831726,,,1.6521130231886234,1.428511024620091
112,0.34009745717048645,0.28652989864349365,,,2.2175160898737944,2.2175160898737944
113,0.4399881362915039,0.32177233695983887,,,1.6746583475700074,1.383311991731003
114,0.3691846430301666,0.3739895224571228,,,2.5476129399985252,2.2467886775342647
115,0.32690706849098206,0.30903854966163635,,,2.2211837199729048,2.2211837199729048
116,0.46786367893218994,0.4701535701751709,,,2.188471996234015,1.5880052385775565
117,0.3455498218536377,0.29001468420028687,,,1.9821121057608118,1.9821121057608118
118,0.6305989027023315,0.29832878708839417,,,3.3234826097326637,0.09813362626749934
119,0.4087483882904053,0.5545457601547241,,,2.7950862254762807,1.9757830432265224
120,0.33677399158477783,0.3204311728477478,,,2.0132476644346426,2.0132476644346426
121,0.5268716812133789,0.3799816370010376,,,1.5678007894858188,1.1862940523561818
122,0.41623470187187195,0.4040318727493286,,,0.8630082096783146,0.4861542256204903
123,0.42188429832458496,0.49584317207336426,,,3.048185344317849,1.6028326307357759
124,0.3289204239845276,0.29061588644981384,,,2.389969020548418,2.389969020548418
125,0.32875126600265503,0.28226083517074585,,,2.2019483897650414,1.7183143327659673
126,0.3665178418159485,0.44029712677001953,,,0.2070597326397324,0.9814346640528362
127,0.3341076374053955,0.4672390818595886,,,1.9518016291714047,1.3723777130224095
128,0.6480039954185486,0.3331390619277954,,,1.6372661409024254,2.449806090287316
129,0.34773221611976624,0.38189420104026794,,,1.7947916934777364,2.8802381192454116
130,0.6595174074172974,0.31478774547576904,,,1.8248941169123811,2.2274268991790285
131,0.3874879479408264,0.344523549079895,,,2.1416351587694327,2.1416351587694327
132,0.3387802243232727,0.2978878915309906,,,2.1892186424375497,2.1892186424375497
133,0.43700891733169556,0.2772858142852783,,,0.8272879549242709,1.5060760295468558
134,0.38130491971969604,0.2753854990005493,,,2.0101828021959407,2.0101828021959407
135,0.3444784879684448,0.31550270318984985,,,0.7829636009493407,1.4489436508198696
136,0.5356507897377014,0.3751380443572998,,,1.4964005278842887,0.6508910859337684
137,0.3838074207305908,0.3843074440956116,,,2.8183140212495625,3.214438037450431
138,0.7917851209640503,0.37748226523399353,,,1.3466901997157097,2.162827741504048
139,0.36065858602523804,0.41087931394577026,,,1.505637897808152,2.265476541139154
140,0.7578723430633545,0.3917118012905121,,,1.2047930360216375,1.2047930360216375
141,0.35722577571868896,0.45587867498397827,,,2.2849441683195093,-0.12151284686638669
142,0.2810308337211609,0.25224629044532776,,,1.5788770450616378,1.5788770450616378
143,0.421260267496109,0.3834787607192993,,,1.396829583906537,1.2352066676786382
144,0.33226585388183594,0.3234562873840332,,,2.3360842042028915,2.3360842042028915
145,0.3158203959465027,0.2984127700328827,,,2.4324411785400897,0.5719417669374731
146,0.462038516998291,0.28498637676239014,,,1.4128019814694126,1.2603673929327806
147,0.47677692770957947,0.342979371547699,,,2.1499843809915107,1.0493466681151882
148,0.3370057940483093,0.36701902747154236,,,1.389860674731782,1.008842141539558
149,0.3553560972213745,0.3059852123260498,,,2.2488644553921384,2.2488644553921384
150,0.3648715317249298,0.3105265498161316,,,2.4678024504897813,2.4678024504897813
151,0.30938979983329773,0.2950800061225891,,,1.7980514569962234,1.5889230176121216
152,0.42942729592323303,0.3241046071052551,,,0.9998072787990815,2.403432896029767
153,0.40058398246765137,0.23915964365005493,,,1.2353636978967413,2.1628679894106053
154,0.4675230085849762,0.28001102805137634,,,1.542252400832494,1.9151522657555564
155,0.5511707067489624,0.3147125840187073,,,3.2920990669101635,0.5136518647561535
156,0.3341076374053955,0.32223647832870483,,,2.4108011151435935,2.9751528241122003
157,0.3629707098007202,0.4952108860015869,,,2.4194655069961537,1.452045750294953
158,0.6730438470840454,0.524734616279602,,,1.6071519916997286,1.756130885471976
159,0.37431833148002625,0.33783239126205444,,,1.0476357359456927,1.5347729453784973
160,0.3696829676628113,0.35295870900154114,,,2.921353732638514,2.921353732638514
161,0.3458293676376343,0.3415104150772095,,,1.233844894021343,1.233844894021343
162,0.3689071536064148,0.3011859953403473,,,2.3567728958239162,2.3567728958239162
163,0.5083963871002197,0.3032495081424713,,,3.184745223615985,1.3265410518814071
164,0.3683983385562897,0.44327372312545776,,,1.5287085049070055,1.782103144794752
165,0.43069472908973694,0.4435059428215027,,,3.095025033996282,0.48211160862819996
166,0.7374067306518555,0.5671923160552979,,,1.2763535761959337,1.380799983610326
167,0.3629707098007202,0.2906455099582672,,,2.286166658867104,2.286166658867104
168,0.5247520208358765,0.30522245168685913,,,1.6111360590799209,2.1369233014883844
169,0.4736999273300171,0.4543845057487488,,,0.6870797771986776,0.6055149384873801
170,0.46210893988609314,0.3590129315853119,,,0.46426736649776223,1.9221997692675252
171,0.3111891448497772,0.295571506023407,,,2.6118200767253854,2.6118200767253854
172,0.7034041881561279,0.4782875180244446,,,2.264836060673389,1.019913881110114
173,0.35497456789016724,0.4726242423057556,,,0.7344105230283742,1.3373580729094796
174,0.36593419313430786,0.6089984178543091,,,1.2137149194023686,1.6014535853390526
175,0.6448277235031128,0.30333665013313293,,,1.250808752809922,2.1493526156236222
176,0.46631383895874023,0.25831055641174316,,,3.9195512536316306,1.7753738215834405
177,0.46347472071647644,0.30422836542129517,,,2.652803854456064,2.133607444430837
178,0.2973282039165497,0.38225027918815613,,,2.5110790912436225,1.4261093021016333
179,0.2860247790813446,0.34964731335639954,,,3.026984838766982,1.6884031661156322
180,0.3890543580055237,0.5783336162567139,,,1.9097121432046769,1.553727649434735
181,0.7178231477737427,0.5299353003501892,,,1.607559541367702,1.607559541367702
182,0.36324578523635864,0.4808216094970703,,,0.39093318506334035,1.0488001522501647
183,0.49334871768951416,0.46296077966690063,,,3.1184822745282053,2.1391733813037894
184,0.3645007610321045,0.29330381751060486,,,3.323166330907907,0.7767188371799664
185,0.3402145504951477,0.46475890278816223,,,1.8469469590355765,1.630115640779188
186,0.3207433223724365,0.4027596712112427,,,0.08307669031543535,2.1855681256215425
187,0.35727977752685547,0.4490365982055664,,,2.5793389069394124,1.357617506346002
188,0.4117254614830017,0.5360097885131836,,,3.228932988238741,1.6209194694998323
189,0.3420255780220032,0.3145259618759155,,,2.5048804382648315,2.5048804382648315
190,0.40516167879104614,0.32772642374038696,,,1.2568576645615612,1.8813650989386983
191,0.2841222286224365,0.38813379406929016,,,1.3146595212617929,1.5583945051194752
192,0.5275782346725464,0.4989441931247711,,,3.848669619581919,1.11077329247861
193,0.37280017137527466,0.29342496395111084,,,4.174558186626543,1.68117058561603
194,0.6538572311401367,0.3345445990562439,,,1.5036430911323677,1.7046070683693746
195,0.5102830529212952,0.5050265789031982,,,2.9716316076574163,0.9314773461794668
196,0.5339911580085754,0.37892085313796997,,,2.9760233831619067,-0.12281045561556563
197,0.5023320317268372,0.4865935146808624,,,4.388043541123628,3.148769299581508
198,0.3025267720222473,0.4833296835422516,,,2.59623970011063,0.8900803935812761
199,0.43305981159210205,0.23502056300640106,,,3.6357432989995337,1.5769552867516918
200,0.4186673164367676,0.4752182066440582,,,2.334631635071355,1.4711210396145373
201,0.3010665476322174,0.31586891412734985,,,2.6599863627569573,4.193102964169931
202,0.5304462909698486,0.28170883655548096,,,2.620928146288025,2.569149531414778
203,0.3408896327018738,0.32863539457321167,,,2.554421966741326,2.554421966741326
204,0.34044408798217773,0.3059852123260498,,,2.909011252569392,2.909011252569392
205,0.2840714454650879,0.289908230304718,,,3.098628647740081,3.098628647740081
206,0.4566847085952759,0.37069737911224365,,,4.113954029818181,2.1865451673216683
207,0.6645275354385376,0.3265596330165863,,,1.7939185991268294,2.851564496493549
208,0.3283569812774658,0.33397236466407776,,,1.330979255089131,1.6245542991396618
209,0.5242173075675964,0.26754868030548096,,,3.7292360168055163,0.9807966396601088
210,0.4507208466529846,0.4484349489212036,,,4.497368264188512,1.4749987828006355
211,0.7561322450637817,0.42695143818855286,,,2.5520224626114194,2.5520224626114194
212,0.6158894300460815,0.5776065587997437,,,2.953196481890947,1.5550136809686665
213,0.3554777204990387,0.3467881679534912,,,1.9332543163268154,1.9332543163268154
214,0.6009460687637329,0.477533757686615,,,4.024160633376315,2.730163816898242
215,0.6888688802719116,0.3473760485649109,,,1.6050855627650316,0.4304708507577275
216,0.3276369571685791,0.2951269745826721,,,2.8863577025180134,2.8863577025180134
217,0.3193609118461609,0.2851042151451111,,,2.2515933902217795,2.2515933902217795
218,0.407522976398468,0.2779659628868103,,,2.9964011834732256,0.5778098800222546
219,0.38252392411231995,0.3386647701263428,,,3.6445049830356613,1.805275797766924
220,0.7763998508453369,0.5680580139160156,,,0.9492294459569004,1.3977121856369459
221,0.3584238290786743,0.42522042989730835,,,3.1259585608557012,1.8348724286120777
222,0.3515433967113495,0.33745482563972473,,,3.539833805324216,2.8804868956757064
223,0.34202587604522705,0.3023040294647217,,,2.2966109906187095,2.2966109906187095
224,0.46069610118865967,0.2906714975833893,,,3.862022100266773,2.4254646634617334
225,0.323091983795166,0.42393025755882263,,,1.6435169260121507,1.8366051485262647
226,0.4973369538784027,0.4626831114292145,,,-0.029891963724445848,0.06355963961695195
227,0.29281264543533325,0.2918606996536255,,,2.6115836598884425,0.38736336213085387
228,0.33850353956222534,0.26760703325271606,,,2.703273778540901,2.703273778540901
229,0.3349689841270447,0.39160698652267456,,,1.533681973580676,2.8284257531749333
230,0.3790101110935211,0.29812976717948914,,,3.0507380757140585,3.0507380757140585
231,0.3642508387565613,0.3696322739124298,,,2.264980255929165,2.000065207386544
232,0.5148025155067444,0.42948073148727417,,,0.5832933403780294,-0.6648096914538681
233,0.7763998508453369,0.5680580139160156,,,0.9492294459569004,1.3977121856369459
234,0.28061169385910034,0.3864952623844147,,,3.152360236819305,2.182501520363265
235,0.5572375059127808,0.31908559799194336,,,0.5549080289095563,1.1735565406687636
236,0.3466547131538391,0.36124587059020996,,,1.2423263480466575,1.0374144314715648
237,0.31029051542282104,0.23408392071723938,,,2.4217181221127593,0.11746870473196795
238,0.6169278621673584,0.42589059472084045,,,3.8473937292527896,1.924387100378219
239,0.337574303150177,0.3041124939918518,,,2.3199665021899647,2.1984987955691704
240,0.442359060049057,0.4310258626937866,,,4.4781021934535925,0.2448354234209242
241,0.4970317482948303,0.3768829107284546,,,4.912201218685499,2.819460294304819
242,0.5075298547744751,0.31153178215026855,,,0.41742494344772246,0.4011480324422232
243,0.35302793979644775,0.5738900303840637,,,2.1064382060287956,1.471668347761186
244,0.49749672412872314,0.26325803995132446,,,3.4055959450130477,0.9563152958995261
245,0.2856167256832123,0.3555465638637543,,,1.166822622224026,1.1616575006252337
246,0.3455672264099121,0.38807153701782227,,,2.5091191449593446,0.49959128236882827
247,0.39375606179237366,0.41410529613494873,,,1.6950724343797579,1.6080781689195203
248,0.46963033080101013,0.4530535638332367,,,4.4550940181468,4.1211713985105805
249,0.4181821346282959,0.34562864899635315,,,3.1537603569072568,1.9144233666604251
250,0.31174376606941223,0.29135826230049133,,,1.55522680472583,1.55522680472583
251,0.6926618218421936,0.4914095997810364,,,1.0495390340937727,0.4526861898422397
252,0.35123735666275024,0.47600358724594116,,,1.9849034723825145,1.0147893243305288
253,0.4917323887348175,0.47452253103256226,,,3.9971251321125973,2.5362874326234364
254,0.34368395805358887,0.3286999464035034,,,1.304568071746026,1.304568071746026
255,0.5249959230422974,0.34852543473243713,,,1.1106668890563534,1.0982025560732842
256,0.3306688070297241,0.3214794993400574,,,1.6292504692445322,1.6292504692445322
257,0.4901418089866638,0.24509337544441223,,,4.088646653235225,1.5511739673005753
258,0.4707009196281433,0.5531836748123169,,,3.798813555300243,1.0974447386988353
259,0.7303575277328491,0.2749825119972229,,,0.9044172049572073,0.9227643082351231
260,0.3575124740600586,0.2838534712791443,,,1.3263867946489918,1.3263867946489918
261,0.6241484880447388,0.3804631233215332,,,2.453259962803963,2.114422820246983
262,0.34759074449539185,0.4820038676261902,,,3.853322848022707,1.2503844859996582
263,0.3782886266708374,0.6152054071426392,,,3.5633582313379515,1.2374153903932108
264,0.45676112174987793,0.3746824562549591,,,4.138903612019223,2.3441702304690972
265,0.3701186776161194,0.28052476048469543,,,1.7413638651735923,1.7413638651735923
266,0.4103570580482483,0.4511597454547882,,,3.981438589760073,2.8324416702764563
267,0.4561017155647278,0.391995370388031,,,3.709647012080189,2.249023703998792
268,0.4168601930141449,0.4209766983985901,,,3.652323218112569,1.5925589564462261
269,0.5148909091949463,0.3216277062892914,,,4.524101113871424,1.8884279727141948
270,0.32658442854881287,0.593842625617981,,,1.4956419974563773,1.11398179537595
271,0.44796693325042725,0.40734896063804626,,,4.853329623334999,1.006019875934475
272,0.45543551445007324,0.3208906948566437,,,2.7098563711952357,2.2030198714348845
273,0.5967533588409424,0.3904536962509155,,,1.6536956849630084,2.0786045602559096
274,0.22417780756950378,0.33089256286621094,,,1.6342117367811755,1.8285834555280205
275,0.5425035953521729,0.4909006655216217,,,4.139195805482576,1.563791844462597
276,0.4312991499900818,0.4432154595851898,,,3.2797673618711434,2.6515333516419854
277,0.34495532512664795,0.35577577352523804,,,1.361710750134139,2.063894584234536
278,0.5641354918479919,0.3118515610694885,,,3.3119279745115837,-0.40326120599280363
279,0.4412490129470825,0.392173707485199,,,4.99813144992317,3.3174834532670836
280,0.364358127117157,0.3526105284690857,,,2.9564939580147906,0.12035852224911481
281,0.4901418089866638,0.5390472412109375,,,4.195135641907397,2.0331274365163967
282,0.4045862555503845,0.4907379150390625,,,2.144919641474624,3.0854875477928148
283,0.4822402000427246,0.3289474844932556,,,3.768285993545547,2.4579917855819646
284,0.3660315275192261,0.47568774223327637,,,3.9028369635549716,-0.1502420580777732
285,0.33812612295150757,0.2687228322029114,,,2.6095934484460845,3.8790193933399335
286,0.35353153944015503,0.296542227268219,,,1.4433495087210624,-0.35700313025538777
287,0.35479748249053955,0.3044070601463318,,,1.4712167472348547,1.4712167472348547
288,0.3174291253089905,0.283550500869751,,,1.4077960292491114,1.4077960292491114
289,0.48698073625564575,0.44925376772880554,,,3.9333905121469726,2.6449372902000228
290,0.36486950516700745,0.5057763457298279,,,1.4761656551781457,2.3272981178927097
291,0.45527029037475586,0.38412630558013916,,,4.44059621514464,0.16759497666189901
292,0.4470406174659729,0.40092673897743225,,,3.451672509030143,2.3730691781151503
293,0.3697489798069,0.4959040880203247,,,4.401360210679027,0.8176420053663218
294,0.40887922048568726,0.4001404643058777,,,3.8004228377372327,3.8004228377372327
295,0.5127449631690979,0.3147650361061096,,,3.6573158600015674,1.0677955795819347
296,0.3688566982746124,0.2855384051799774,,,1.4079879198587208,1.4079879198587208
297,0.3552764356136322,0.4327860176563263,,,1.8196620475162641,1.3545325201540217
298,0.40295958518981934,0.44169753789901733,,,3.5475858056572616,1.7151455231780468
299,0.33520573377609253,0.5221939086914062,,,3.1826092323546007,3.430673876837363
300,0.32850557565689087,0.3750019967556,,,4.28424260554924,2.5681037196695895
301,0.6214292049407959,0.38079798221588135,,,0.6096808345005427,1.4558422053863116
302,0.44560110569000244,0.31478434801101685,,,3.151913706895374,0.41938631583892555
303,0.506844162940979,0.31632423400878906,,,1.1951215749953585,0.74355218533192
304,0.3447102904319763,0.3528957962989807,,,1.924165261523179,1.0284790000750437
305,0.39380621910095215,0.2628554105758667,,,1.2559864716865543,1.6226548831715448
306,0.44375717639923096,0.43739432096481323,,,2.362913712244072,2.712294380212125
307,0.4892842173576355,0.2185565084218979,,,0.7136663716935894,0.7136663716935894
308,0.33320319652557373,0.30460935831069946,,,2.0614705193742497,2.0614705193742497
309,0.39787232875823975,0.454083114862442,,,0.6556490143913188,1.6300894954855583
310,0.29887476563453674,0.4466289281845093,,,3.0474770445449715,1.2171700595696158
311,0.34763970971107483,0.29663658142089844,,,2.6940034497014316,2.6940034497014316
312,0.33933931589126587,0.2995081841945648,,,1.2527972212327052,-0.07826490651441591
313,0.42521408200263977,0.32932114601135254,,,0.6098931263619997,2.0001235193141547
314,0.7347138524055481,0.5371472835540771,,,0.6252800674179761,-0.5267811200931236
315,0.33518457412719727,0.2881739139556885,,,2.8664422777631278,-0.04886083971825322
316,0.7634724974632263,0.5288324356079102,,,1.4120645257327298,2.109727442423738
317,0.2947050929069519,0.29448267817497253,,,1.9548766326149083,1.852675789010658
318,0.5046829581260681,0.40960773825645447,,,2.718072965473265,1.8866440714070236
319,0.34713631868362427,0.3312664031982422,,,1.440975516059485,1.440975516059485
320,0.4000691771507263,0.30559155344963074,,,2.577233022379783,2.577233022379783
321,0.28587567806243896,0.36250248551368713,,,1.1680470142475217,1.0870213231821337
322,0.4063567519187927,0.48230141401290894,,,2.0588813430232835,0.5423698156649427
323,0.734412431716919,0.38963770866394043,,,0.7904231701345462,0.7904231701345462
324,0.2552494704723358,0.4411289095878601,,,1.6712905168378511,1.2208739761671576
325,0.45400387048721313,0.500408411026001,,,2.786773289752634,1.9750782294927955
326,0.30129706859588623,0.3282325863838196,,,0.8469401044951216,1.376034885004068
327,0.5893073081970215,0.3443409204483032,,,0.9743753555446527,0.4756399354013848
328,0.7002757787704468,0.4825853109359741,,,1.026381355244316,-0.32282845849567243
329,0.7695345878601074,0.5051133036613464,,,0.4493819793245823,0.183033138724941
330,0.5861542224884033,0.5255463123321533,,,1.591702658465772,1.9162292933967753
331,0.4764520525932312,0.3542115092277527,,,4.171552270140752,1.527144382522649
332,0.4305523633956909,0.42476558685302734,,,2.0910739638413793,1.2443490430356465
333,0.3618716299533844,0.34557193517684937,,,1.1625675152998725,1.1625675152998725
334,0.36403536796569824,0.3351812958717346,,,3.5247684117658036,2.010267893242481
335,0.3356332778930664,0.2275148630142212,,,0.23869844956665057,0.9554784880470505
336,0.25673866271972656,0.29162755608558655,,,1.315204294107241,2.779393661783405
337,0.32903242111206055,0.2978680729866028,,,2.0506319482859734,2.0506319482859734
338,0.3183101415634155,0.34419670701026917,,,1.0591661273490436,1.1232027650701728
339,0.37598538398742676,0.36294877529144287,,,2.1334654675636116,2.7061957131744268
340,0.45818257331848145,0.40149354934692383,,,3.8005698852068592,2.792483421881362
341,0.5903409123420715,0.3034997582435608,,,0.749867145253282,2.6028970841503787
342,0.31823956966400146,0.33220937848091125,,,4.0694360422140665,0.843929038178767
343,0.344024121761322,0.3214724659919739,,,2.385043405684906,2.385043405684906
344,0.6126887798309326,0.4922250509262085,,,3.672809402550207,2.047287093720946
345,0.344024121761322,0.3143118917942047,,,2.541711234172838,2.541711234172838
346,0.34221747517585754,0.26986709237098694,,,2.4433443998089777,2.4433443998089777
347,0.42772072553634644,0.26988011598587036,,,3.3638991138197403,2.4960748618266715
348,0.7814509868621826,0.572290301322937,,,0.9335329208558995,1.1957380493278822
349,0.3976323902606964,0.2861190140247345,,,1.9927885760285842,2.7392306878163746
350,0.6353706121444702,0.4341965317726135,,,0.9812119536880086,-0.08312715865495694
351,0.3995940685272217,0.4352383017539978,,,1.05595342535909,2.5309808887545557
352,0.3243643641471863,0.5539311170578003,,,2.295313074860401,1.7577317697237391
353,0.7347214221954346,0.4263864755630493,,,-0.8778387709630346,-0.8314780155270003
354,0.32774245738983154,0.23538930714130402,,,0.6581774227416366,1.4794528316408624
355,0.5803725123405457,0.3123757243156433,,,0.047506592736396895,2.674370711030397
356,0.38781851530075073,0.3134724795818329,,,3.2313389890779742,0.4850082298638027
357,0.5921432375907898,0.3779323101043701,,,0.13862459492381907,0.8622865995741347
358,0.37581866979599,0.4986584484577179,,,0.5208202308300378,2.617944413687738
359,0.33798375725746155,0.3616184592247009,,,2.095007483653888,1.388193872648807
360,0.531812310218811,0.37276405096054077,,,3.461568423440825,0.5676646741982218
361,0.39937037229537964,0.3009328246116638,,,2.5987084496545747,1.8488078701167117
362,0.6060459613800049,0.3951265215873718,,,1.5833268155810891,1.5833268155810891
363,0.3530533015727997,0.5798536539077759,,,0.7018239797862572,1.8695361758189935
364,0.3090618848800659,0.4391692280769348,,,1.2014096765696283,2.1199725945747825
365,0.5132167339324951,0.3286410868167877,,,2.515986166717106,1.44569640535106
366,0.4015079438686371,0.40275105834007263,,,1.91500616902388,0.8806411502993267
367,0.7689076662063599,0.4962484836578369,,,1.0634598976165042,1.0634598976165042
368,0.41948235034942627,0.2833288311958313,,,1.5701931630810995,1.5701931630810995
369,0.5547851324081421,0.3102568984031677,,,2.519072737472337,0.889707387392159
370,0.344889760017395,0.31478774547576904,,,2.8777281710569595,2.8777281710569595
371,0.4883127808570862,0.4931790232658386,,,2.4766805999248045,2.2641415466007886
372,0.3292296528816223,0.3090903162956238,,,3.066940551860876,3.066940551860876
373,0.3326219618320465,0.4532260596752167,,,2.5977409153339504,1.8483510405316543
374,0.34626394510269165,0.2819136679172516,,,2.608841097814849,2.608841097814849
375,0.542985200881958,0.4348692297935486,,,1.435537453440831,0.8691949784327284
376,0.48180830478668213,0.31084007024765015,,,3.327932063339465,1.8573217284604944
377,0.5599038600921631,0.4997574985027313,,,0.8289001688032737,2.4757593348510887
378,0.234351247549057,0.49442058801651,,,0.16859834191902026,0.480909321262046
379,0.4798826277256012,0.31057822704315186,,,2.3184765373657212,2.6801822552071433
380,0.3143717646598816,0.280193030834198,,,1.8438415319776675,1.765395826796394
381,0.41948401927948,0.4348771572113037,,,1.6265654268169238,2.165793726995932
382,0.6125428080558777,0.45135268568992615,,,2.140641003786204,1.1565281109277352
383,0.3337332010269165,0.37792253494262695,,,1.1773858754475655,2.598883543893731
384,0.27514684200286865,0.25018826127052307,,,1.818590248933771,1.818590248933771
385,0.4224817156791687,0.31650882959365845,,,2.2694984795810282,2.118060185188013
386,0.5703433752059937,0.3857324719429016,,,3.009773312742383,2.052851762943298
387,0.2459450364112854,0.26660943031311035,,,1.2179930024936514,1.2179930024936514
388,0.34839582443237305,0.22321029007434845,,,2.5382217089830594,1.917383330811958
389,0.38992321491241455,0.4340824782848358,,,2.826191835904681,3.112492625442127
390,0.48327863216400146,0.3080545663833618,,,2.576787284737478,1.2708396922257534
391,0.3488262891769409,0.32884347438812256,,,2.0535258361499693,2.0535258361499693
392,0.29018667340278625,0.286676287651062,,,2.294295151428418,1.1279905229309097
393,0.34391212463378906,0.2559731900691986,,,2.2698954126752247,2.2698954126752247
394,0.3570827841758728,0.260912150144577,,,2.6673276442955287,2.6673276442955287
395,0.523383617401123,0.4123169779777527,,,1.9551941790902656,2.129652057645475
396,0.34717005491256714,0.2944067120552063,,,2.8263772298049643,2.8263772298049643
397,0.7402929067611694,0.3529662787914276,,,1.8033917520623348,3.026552569912304
398,0.5784451961517334,0.4700320363044739,,,2.2760097668891004,1.2114101721548287
399,0.40068304538726807,0.38999974727630615,,,2.898986671622787,1.4817474376836006
400,0.24308715760707855,0.26660943031311035,,,1.8229813906129617,1.2179930024936514
401,0.33146294951438904,0.2879578769207001,,,2.7109997920366418,2.7109997920366418
402,0.491985559463501,0.4297565221786499,,,3.572954346381679,1.2110907242035713
403,0.33422788977622986,0.29571133852005005,,,2.4215095935890214,2.761456405790176
404,0.3977961540222168,0.3873853087425232,,,3.06440778596162,1.603760550975143
405,0.2830149531364441,0.25613316893577576,,,1.8928295725108373,1.0939148071461748
406,0.4558354318141937,0.37958985567092896,,,-0.47420855980332083,1.3601085982317755
407,0.5470811128616333,0.3363575339317322,,,2.012777524518283,1.5978363443513013
408,0.5321729183197021,0.3652564287185669,,,1.0959776708135587,1.0612231281324014
409,0.4976329207420349,0.3240026831626892,,,1.0756961327196946,1.6833824774571031
410,0.670063853263855,0.3177438974380493,,,1.57664011712121,1.6625722498347815
411,0.36321425437927246,0.34578487277030945,,,2.0356529134247014,1.3869257466796039
412,0.4122224450111389,0.4526684880256653,,,0.886491516275705,2.805146300639692
413,0.2752326726913452,0.4571200907230377,,,2.313153038670063,1.6133062769075117
414,0.37640196084976196,0.2875833213329315,,,2.334210141246779,2.334210141246779
415,0.3987826108932495,0.36247920989990234,,,4.170342614555484,3.0707625184205636
416,0.36525246500968933,0.2899296283721924,,,2.056173958253846,2.056173958253846
417,0.3818642199039459,0.3479008674621582,,,2.5521061275510344,2.5521061275510344
418,0.3209628462791443,0.3878273069858551,,,2.597876870860825,2.0633513959523384
419,0.6368163228034973,0.2782825231552124,,,0.6169437197723066,2.624311188827384
420,0.4756830930709839,0.28375595808029175,,,0.9346454427139247,1.6218313856503714
421,0.4045359194278717,0.36350196599960327,,,1.3899492518174732,1.514558830450933
422,0.48986855149269104,0.3178403377532959,,,3.1007259756581584,1.9345191147131933
423,0.32171201705932617,0.5346010327339172,,,1.7443743768928093,2.5515803694645895
424,0.4687533676624298,0.4528545141220093,,,0.22170519712977857,1.9069042971251713
425,0.37416011095046997,0.33856475353240967,,,1.8953296964071376,2.560103101362574
426,0.3677558898925781,0.23220720887184143,,,0.6266885460770735,-0.6161761969479496
427,0.32765811681747437,0.2914014160633087,,,1.96355021493432,1.96355021493432
428,0.3401797115802765,0.2850714921951294,,,2.1792035688704465,2.1792035688704465
429,0.36967188119888306,0.3023785352706909,,,1.8817068892317848,1.8817068892317848
430,0.3933708071708679,0.3550494313240051,,,1.651305371299953,1.7219867165548286
431,0.3733886480331421,0.2926059365272522,,,4.327112013547758,1.7566848487842757
432,0.7519182562828064,0.5422869920730591,,,0.6730655829005046,0.6730655829005046
433,0.348691463470459,0.3487602472305298,,,0.2880532768781802,1.1401594140959632
434,0.6263993978500366,0.38547617197036743,,,2.387803081041603,1.190700722755225
435,0.33058497309684753,0.4223341643810272,,,1.1155816496616007,1.1272748549389184
436,0.31734347343444824,0.32946211099624634,,,1.881030280723913,1.881030280723913
437,0.33101052045822144,0.46769821643829346,,,1.7221977803797666,1.1257582694520705
438,0.557536244392395,0.22360721230506897,,,1.2272511301960933,0.738370188134512
439,0.5098459720611572,0.208906888961792,,,0.9209102900041268,0.9209102900041268
440,0.6240583658218384,0.4092410206794739,,,1.5769533852757915,1.7119272752167174
441,0.597974419593811,0.5070786476135254,,,0.8232914487225639,0.9833239388161513
442,0.33781129121780396,0.3331494927406311,,,1.6460422444641305,1.6460422444641305
443,0.3397018313407898,0.34004324674606323,,,1.3255017368455448,1.3320849633251801
444,0.5480157136917114,0.295571506023407,,,1.6991913480925496,1.6747965214854323
445,0.6062052249908447,0.3934268355369568,,,1.1748844839006651,1.105079639807685
446,0.35065603256225586,0.27182716131210327,,,1.418524790104143,1.418524790104143
447,0.35137641429901123,0.272516131401062,,,1.7015350755960463,1.7015350755960463
448,0.40974533557891846,0.4323345422744751,,,-0.16634457799405825,0.14501374211585533
449,0.3424118161201477,0.2813306450843811,,,1.6058987606250779,1.6058987606250779
450,0.7292094230651855,0.33860674500465393,,,0.24902122550991845,1.3153665533840702
451,0.5888551473617554,0.29834187030792236,,,1.736752786115262,1.4279763929794447
452,0.2686377763748169,0.39622557163238525,,,1.0770547372504893,2.738390552381073
453,0.3101578950881958,0.28239262104034424,,,2.434926724454487,2.151819622147991
454,0.45855018496513367,0.4344561696052551,,,0.10296668283015387,1.3362388958858031
455,0.6040504574775696,0.579234778881073,,,1.1129034208559685,0.542788457275668
456,0.46527284383773804,0.349481463432312,,,3.4511549906726002,2.224957357353459
457,0.7544602751731873,0.43799251317977905,,,1.4549258524586717,1.4549258524586717
458,0.4833223223686218,0.42075395584106445,,,0.42175202915752025,1.6613122051381546
459,0.48545122146606445,0.23135018348693848,,,0.9787856704391718,0.74210769747296
460,0.35151857137680054,0.48987531661987305,,,1.7605228194327918,1.4807025766763624
461,0.781334638595581,0.3373291790485382,,,-0.1901717348167606,2.0845753530393094
462,0.5168467164039612,0.4483020007610321,,,0.9865345808738794,-0.33322271804856884
463,0.33251625299453735,0.25998541712760925,,,2.494324711716731,0.937168542777354
464,0.32489413022994995,0.5083295106887817,,,1.8560448873934146,1.4724688691152301
465,0.4936297833919525,0.3836360573768616,,,0.5925800694471388,2.7851329498759387
466,0.5253844857215881,0.37773823738098145,,,2.1850979857051827,1.4235833498243537
467,0.4172704517841339,0.3776719570159912,,,3.4225596453453018,1.2579380197856056
468,0.34157973527908325,0.4847410321235657,,,0.11110147403038721,2.173903204798242
469,0.36505913734436035,0.42453065514564514,,,2.3819677684161022,1.6887479670788943
470,0.6240583658218384,0.4092410206794739,,,1.7819457976639987,1.125345649181696
471,0.33101052045822144,0.2621380090713501,,,1.9593579359430402,1.8733666990202331
472,0.36561277508735657,0.4533752202987671,,,2.246116981172469,1.8539713279240913
473,0.40974533557891846,0.3488464951515198,,,0.3396617888865094,0.4185645217232464
474,0.6195933818817139,0.403836190700531,,,1.3352296875516965,1.3494158069625255
475,0.33781129121780396,0.3331494927406311,,,1.6460422444641305,1.6460422444641305
476,0.36561277508735657,0.30383434891700745,,,2.246116981172469,2.6333549251220623
477,0.2867318093776703,0.3014730215072632,,,1.271669369543603,1.271669369543603
478,0.3567807078361511,0.3307458162307739,,,2.01192914935408,2.01192914935408
479,0.5108535885810852,0.44589516520500183,,,1.1734804024045873,1.0536192844632575
480,0.36821430921554565,0.290571004152298,,,1.5281916203747625,1.5281916203747625
481,0.550264835357666,0.4848449230194092,,,1.9413496915161979,2.3126003430083633
482,0.36822909116744995,0.2828245759010315,,,1.7825637773316099,2.2006709148726613
483,0.3209522068500519,0.30587026476860046,,,3.1777750467906305,3.1777750467906305
484,0.3828069567680359,0.5045338869094849,,,3.2275018107110833,1.3105528086860285
485,0.39523017406463623,0.366269052028656,,,2.1493364530784693,1.8732900061589195
486,0.3899151086807251,0.2708101272583008,,,1.2827438820998467,1.5335371444996
487,0.31087225675582886,0.26768290996551514,,,2.122051858471807,2.122051858471807
488,0.34963250160217285,0.29346877336502075,,,2.7840529115645443,2.7840529115645443
489,0.3746321201324463,0.279812216758728,,,3.419966666042535,3.419966666042535
490,0.5546528100967407,0.5877945423126221,,,1.2786702868960134,1.4987168424435557
491,0.38201355934143066,0.275923490524292,,,0.7406051353708769,1.59791161110569
492,0.35489368438720703,0.26816606521606445,,,2.4344672011119046,2.4344672011119046
493,0.38106855750083923,0.2917013168334961,,,3.215823579556481,3.215823579556481
494,0.5157307386398315,0.2751386761665344,,,2.206132587483745,2.795704522056542
495,0.7488211393356323,0.42066624760627747,,,3.9315372069694385,0.6760097014195346
496,0.39338719844818115,0.3168826103210449,,,2.6496635670066486,2.6496635670066486
497,0.5794174671173096,0.3193179965019226,,,1.964816914796598,1.7837712145283273
498,0.3284865617752075,0.3749241232872009,,,2.9126256413432925,3.6600558867739608
499,0.46129095554351807,0.276589572429657,,,0.8319159095812166,1.0397821651083037
500,0.4514021873474121,0.3606114685535431,,,1.879552992405672,2.032266067933542
501,0.7843276858329773,0.44987010955810547,,,4.202584673746989,2.8113321186561557
502,0.37901735305786133,0.2857348918914795,,,2.446762778108818,3.098562412996219
503,0.271391361951828,0.40029269456863403,,,2.056557739473065,2.046351884490628
504,0.412201851606369,0.5560179948806763,,,3.6786475673895582,2.2614504828328292
505,0.4077065587043762,0.3356102705001831,,,1.29106521600872,2.566104793129355
506,0.39064398407936096,0.39953839778900146,,,1.1068529245410792,1.4721036272860393
507,0.3553653955459595,0.39882904291152954,,,2.216258422022043,0.521817039956711
508,0.3589784502983093,0.2915976643562317,,,2.301271983419424,2.301271983419424
509,0.3799838125705719,0.29157179594039917,,,2.8842232958198792,2.8842232958198792
510,0.31594419479370117,0.2723488211631775,,,2.437553771867135,1.7511149505031978
511,0.36704856157302856,0.3083144426345825,,,2.6008232077684053,2.6008232077684053
512,0.44139039516448975,0.37169787287712097,,,3.0321124854449053,1.244401333622906
513,0.621032178401947,0.365620493888855,,,2.104590605278963,1.6442196798136524
514,0.30570781230926514,0.38407593965530396,,,2.1102989943881156,1.7712284456643692
515,0.4591929018497467,0.31452327966690063,,,1.9469162622144502,1.97488079291181
516,0.33402708172798157,0.3142644762992859,,,2.527167003467444,2.527167003467444
517,0.6105351448059082,0.4068729281425476,,,0.6241563347749551,1.8178805230539683
518,0.42652618885040283,0.3728157877922058,,,1.1362671721561248,1.4804398560894652
519,0.34963250160217285,0.29102447628974915,,,2.0168097626212838,2.0168097626212838
520,0.356437087059021,0.2712487578392029,,,2.275741024961852,2.275741024961852
521,0.39028066396713257,0.49149399995803833,,,2.9955445685801214,1.5215331271407386
522,0.4727359414100647,0.2720850110054016,,,2.4741530630842745,2.3771920532360675
523,0.5546528100967407,0.36480632424354553,,,1.6119232701026627,1.6119232701026627
524,0.4017648994922638,0.4954999089241028,,,2.545740303149338,1.8810965154677748
525,0.5698590278625488,0.32847458124160767,,,0.8373065937586872,1.0380468306647537
526,0.32358163595199585,0.263577401638031,,,2.5978698987825237,2.5978698987825237
527,0.4690631330013275,0.37952667474746704,,,1.9153626957551941,1.4601195754241316
528,0.28029346466064453,0.3382573127746582,,,1.8109101877722884,2.312452661713437
529,0.5295748710632324,0.34884053468704224,,,2.3961410528646043,1.469730585362412
530,0.6461302638053894,0.45747414231300354,,,0.99432833444857,3.4981065505165034
531,0.51990807056427,0.41548311710357666,,,3.2600126118298367,2.451006396949407
532,0.41787466406822205,0.43931645154953003,,,3.3724348391363774,1.7351495250186235
533,0.5271060466766357,0.4428151845932007,,,2.0241946196492386,2.1287113024437807
534,0.32738757133483887,0.2592577040195465,,,0.32781018670528494,0.8365144705898696
535,0.32749664783477783,0.2797110378742218,,,2.2035876204474616,2.2035876204474616
536,0.4450063109397888,0.434471070766449,,,2.2451220339076143,2.148935241663497
537,0.5267550945281982,0.36349883675575256,,,0.2014737510416642,2.338225424523002
538,0.3506864309310913,0.3617194592952728,,,0.5711447712366609,1.406322385426346
539,0.33402708172798157,0.5441943407058716,,,2.657764012798432,0.33449306240632254
540,0.4134598672389984,0.2935325801372528,,,2.261410393382597,2.75698096534607
541,0.4597620964050293,0.531091034412384,,,1.4582856019182515,1.9823442442769788
542,0.5196484327316284,0.5491762161254883,,,3.8120357848859237,1.7130496213668944
543,0.29397130012512207,0.2955254316329956,,,1.224091273390537,1.0413550818186994
544,0.4907522201538086,0.3937377631664276,,,1.4866865213347398,1.2582195174470188
545,0.4006187915802002,0.34806251525878906,,,1.8881826823230508,0.6331587139688009
546,0.5569888353347778,0.26689451932907104,,,2.995898243097585,1.2222404242860412
547,0.3592926561832428,0.2661428451538086,,,2.358710182853715,2.358710182853715
548,0.5256598591804504,0.3874901533126831,,,4.0331603188126355,2.300234728315787
549,0.4683433473110199,0.471125066280365,,,2.2136675026515014,1.7425942785374389
550,0.31804823875427246,0.33123114705085754,,,1.3513773378100535,3.18671578647404
551,0.5551263689994812,0.37397077679634094,,,1.5832686621098035,-0.06743122776517478
552,0.3068735599517822,0.2898240387439728,,,2.6066344350325017,2.570976374386032
553,0.5634929537773132,0.4610486626625061,,,1.22428894765601,0.8227309094727755
554,0.748236894607544,0.47551465034484863,,,0.5702441450992799,0.5702441450992799
555,0.45894402265548706,0.22312209010124207,,,1.8896579107090663,1.3244275614181766
556,0.47314491868019104,0.37303221225738525,,,4.243043961041823,0.44701804863964417
557,0.34491127729415894,0.27509111166000366,,,2.1557319088129456,1.7969259417195458
558,0.6068158149719238,0.4135282635688782,,,1.9946558253627202,3.9339964491338817
559,0.513116717338562,0.5553447008132935,,,1.4679264016456373,2.1608299241580884
560,0.5580651760101318,0.4647533893585205,,,1.653149169097985,1.6574401663797576
561,0.3865664601325989,0.3348178267478943,,,3.972157485890502,1.927703115892091
562,0.3585938811302185,0.2844860255718231,,,0.7483785273078015,3.422545701188699
563,0.31805408000946045,0.43716251850128174,,,1.6799365277567078,1.0669479174711947
564,0.28470128774642944,0.38870784640312195,,,2.551104683576854,2.6600947468832765
565,0.3538617491722107,0.5136451721191406,,,4.149325601428999,1.1769594694769137
566,0.7550528645515442,0.3250221312046051,,,2.9932789600448637,0.6429966333645222
567,0.5131856799125671,0.22829467058181763,,,4.113934064321228,2.598049588255106
568,0.32260560989379883,0.2193187177181244,,,1.7733590494107028,1.3479919184258191
569,0.7240993976593018,0.36644691228866577,,,2.5885136866148892,1.6874213707257555
570,0.5653814673423767,0.3875617980957031,,,3.3694609308282417,1.912439651927393
571,0.4533657431602478,0.4329466223716736,,,3.786961022188109,2.8204943802819553
572,0.32260560989379883,0.29192501306533813,,,3.1036428396892837,3.1036428396892837
573,0.3529399037361145,0.4424728453159332,,,1.2893942940612941,1.9997936132454452
574,0.596428394317627,0.27846068143844604,,,1.2720654311280117,3.1905998679131393
575,0.29670196771621704,0.27156728506088257,,,1.3237831195442855,0.31076198953770934
576,0.3367079496383667,0.42655640840530396,,,2.3701890759514317,0.5938596834999067
577,0.4059417247772217,0.46743908524513245,,,0.7664778841215351,1.2462158962289702
578,0.32146337628364563,0.4756813943386078,,,2.9178581861083845,2.333263998530034
579,0.6001467704772949,0.4619212746620178,,,1.7927831011016748,2.0512437481569084
580,0.3809800148010254,0.40228039026260376,,,2.420335273764235,2.8901368858699437
581,0.44369059801101685,0.3720301389694214,,,2.4620826525252264,1.354306878347181
582,0.35956281423568726,0.30488985776901245,,,2.8516120333910577,2.8516120333910577
583,0.6112695336341858,0.4851450026035309,,,2.6666336055919038,0.7586901518871955
584,0.4776574969291687,0.3091639578342438,,,0.8263713643121434,2.422857264633389
585,0.51921546459198,0.2903348207473755,,,0.7642735189559007,1.5094625581253656
586,0.4604467749595642,0.44269126653671265,,,2.278047039859992,0.692255515371247
587,0.31078463792800903,0.32342517375946045,,,2.177047612112108,2.177047612112108
588,0.7241045236587524,0.39802849292755127,,,2.379105096448137,1.8912082473931455
589,0.6375694274902344,0.5202564001083374,,,3.907033520867027,1.3912300542926788
590,0.41635632514953613,0.3990306854248047,,,-0.5688986132153002,3.134848594515102
591,0.33347201347351074,0.27695512771606445,,,2.598520995822066,2.598520995822066
592,0.2595386803150177,0.49607059359550476,,,3.189841812854203,1.6149352079288049
593,0.6795742511749268,0.500351071357727,,,2.1240980049969003,2.1240980049969003
594,0.30838534235954285,0.45718660950660706,,,3.931255788536188,2.20155098130187
595,0.5482351183891296,0.42168837785720825,,,2.5676209032472275,1.6551457187933445
596,0.35047852993011475,0.3124506175518036,,,1.990383209014651,1.990383209014651
597,0.44565361738204956,0.3075295686721802,,,4.205612457205634,2.301122400648597
598,0.34108757972717285,0.2729862928390503,,,2.4557556499231623,2.4557556499231623
599,0.3996747136116028,0.25471946597099304,,,1.858053004400501,2.309053773541575
600,0.7486779689788818,0.2981092929840088,,,2.558791558360313,2.630230324848825
601,0.4529520869255066,0.2676665186882019,,,1.9909853430497595,2.4541462090298474
602,0.6053088903427124,0.5567355155944824,,,1.1007491076728178,1.7989833386437162
603,0.3035702705383301,0.3832627534866333,,,0.6373078928396729,1.7263227154329093
604,0.3515796661376953,0.34267985820770264,,,3.1457028527795563,1.9555380293155775
605,0.4080860912799835,0.34209513664245605,,,1.3959317703689254,1.4716989298319165
606,0.43383029103279114,0.3973311185836792,,,4.814412432995343,1.777743060555267
607,0.3320671021938324,0.5185970067977905,,,1.7511179611733734,2.310509987168587
608,0.3496856391429901,0.3226388692855835,,,2.449402343571143,1.9378471729077673
609,0.3443574011325836,0.3054733872413635,,,1.21387472260616,1.7672012781637692
610,0.3736584484577179,0.5865267515182495,,,3.3174245075141733,0.8807489798285086
611,0.3789557218551636,0.484636127948761,,,3.672977366254737,2.1213638411085327
612,0.3561350703239441,0.4740029573440552,,,2.3331251907893087,1.097618010690254
613,0.4266020953655243,0.3939633369445801,,,1.3055937595379357,1.7267901615917434
614,0.36937016248703003,0.27484312653541565,,,2.018665286187368,2.018665286187368
615,0.7056031227111816,0.4254631996154785,,,0.48423722100029515,0.2213488882759113
616,0.5432180166244507,0.4812889099121094,,,2.4628836492482455,1.6494038953996106
617,0.388801634311676,0.507763683795929,,,3.324897941627819,2.6304824288619453
618,0.3262096047401428,0.29119163751602173,,,2.6562490118748343,2.7355370708799596
619,0.34070104360580444,0.3879621624946594,,,1.3510559883828956,1.3174912150182152
620,0.6626464128494263,0.2740609645843506,,,1.4383996500398213,1.9496859203196237
621,0.36583957076072693,0.2808671295642853,,,1.732870130783088,1.778531697684934
622,0.5541163682937622,0.28748977184295654,,,3.01547583896751,1.4886558165421944
623,0.301628053188324,0.3176782727241516,,,1.1446143344459778,2.0295902159727848
624,0.3989955186843872,0.413961797952652,,,2.7618918437713544,1.7522897456969593
625,0.44650962948799133,0.3854377269744873,,,-0.19064825260020266,0.3080844143644179
626,0.6587430238723755,0.4893634021282196,,,1.373196773766482,1.2462543218877897
627,0.4987061023712158,0.3167189359664917,,,1.8284581165749227,2.5280182308454973
628,0.3681901693344116,0.5727752447128296,,,2.0871421870484466,0.5922763482861404
629,0.39932867884635925,0.5435999631881714,,,1.8487739604631555,0.8442605288107267
630,0.6566104888916016,0.5253337621688843,,,0.07948769416762043,0.8873200051711166
631,0.4244479537010193,0.5491641759872437,,,1.9073869550912081,1.6592304059399299
632,0.31344088912010193,0.2900480628013611,,,1.6814066855403225,1.6814066855403225
633,0.7114167213439941,0.4776272177696228,,,0.748456408591553,0.8716022469225618
634,0.267671674489975,0.4137710630893707,,,2.37850961757868,1.812862528152965
635,0.42986276745796204,0.3746795058250427,,,1.4953661249945025,3.4887322743278157
636,0.6470995545387268,0.5212770700454712,,,1.6674877234934915,0.8372296632128858
637,0.39260876178741455,0.4122965931892395,,,0.3238456688741931,0.4523808445039097
638,0.7470810413360596,0.5502614974975586,,,1.4120852835113085,1.4120852835113085
639,0.34919607639312744,0.31474629044532776,,,2.0164701907167477,2.0164701907167477
640,0.5123171210289001,0.5017563104629517,,,2.2141232230422836,1.8223687984604016
641,0.3971391022205353,0.5670932531356812,,,2.6375056885561845,2.6175866193058233
642,0.35183554887771606,0.570925235748291,,,0.78645883056682,1.149481478925554
643,0.3058326840400696,0.2811070382595062,,,2.00226521500324,2.00226521500324
644,0.38736680150032043,0.3226388692855835,,,1.682287385794831,0.9330589779877391
645,0.334762305021286,0.426031231880188,,,1.330506896784221,2.5031172947362395
646,0.3096371293067932,0.29567545652389526,,,1.3974816316840293,1.3974816316840293
647,0.37112635374069214,0.2489456832408905,,,2.4947728262039117,2.120893067366873
648,0.6209040284156799,0.32601481676101685,,,1.4738878455058606,2.976691118115577
649,0.35098472237586975,0.22863608598709106,,,1.976986360558789,1.4227172275517477
650,0.4573315978050232,0.41158103942871094,,,3.576920191284493,1.6739365790095027
651,0.6705357432365417,0.351962685585022,,,2.2257922637300345,0.8307418274409177
652,0.4041873812675476,0.27792680263519287,,,2.576304309858791,2.714232934892524
653,0.2710847854614258,0.2516517639160156,,,1.1241317152756525,1.1241317152756525
654,0.5807281732559204,0.33255305886268616,,,1.537581108370653,2.0201457436321095
655,0.3391166627407074,0.28145623207092285,,,1.9939573498819945,1.9939573498819945
656,0.5341826677322388,0.4508844017982483,,,0.34922712378910026,0.13733448313951804
657,0.29667219519615173,0.32885318994522095,,,2.9269770307011265,1.516962929814266
658,0.3139718174934387,0.3203599452972412,,,2.4534299864407183,2.5958086989065525
659,0.4020359516143799,0.44934412837028503,,,0.7542948903435541,-0.1953608823558355
660,0.32893627882003784,0.26593491435050964,,,1.5498053800213039,2.0404484356453647
661,0.7488018274307251,0.28547000885009766,,,1.7154876303837834,1.5604889808237024
662,0.4602211117744446,0.3276098370552063,,,-0.25857703322596703,0.550574248420026
663,0.2916063666343689,0.3381839990615845,,,0.8961492708298688,1.3714154077605112
664,0.30515843629837036,0.3554397225379944,,,1.7699915355911964,3.1252664236279766
665,0.4849817156791687,0.39095112681388855,,,3.473782870799324,1.9306952466776046
666,0.5647850036621094,0.3154558539390564,,,1.0504735302706285,1.0464608615237685
667,0.5110982656478882,0.280490517616272,,,2.942408458370355,1.4851170114353323
668,0.32801198959350586,0.4553331136703491,,,1.7099901466432437,1.4871397064243215
669,0.4631956219673157,0.5034629106521606,,,3.560656234083565,1.26018429664921
670,0.5596223473548889,0.3346930146217346,,,2.4468746482742882,2.8781972017790443
671,0.36269551515579224,0.3004295527935028,,,1.9793760403965444,1.9793760403965444
672,0.6726222038269043,0.44448891282081604,,,2.1580467972652873,1.5437696201446423
673,0.6246587038040161,0.4938341975212097,,,2.85862214121032,1.307195119158674
674,0.7412729263305664,0.47738373279571533,,,1.504227478059073,1.741144720076078
675,0.5649323463439941,0.49891066551208496,,,2.8026560010355435,2.781568316388097
676,0.4577128291130066,0.4432277977466583,,,1.182985008920611,1.440486202927797
677,0.5659995675086975,0.4394555687904358,,,3.281881486159674,2.206038781339328
678,0.3981176018714905,0.31837403774261475,,,0.6066212805487293,2.6891404250863062
679,0.3520485758781433,0.2860890328884125,,,1.4891622429569855,1.4891622429569855
680,0.6755998730659485,0.3262360394001007,,,1.2835831460253604,1.0421041840952716
681,0.6937524080276489,0.2655811309814453,,,3.7449517151218457,1.275140830712328
682,0.5012882351875305,0.37157291173934937,,,1.6946480883413315,1.2298670064378268
683,0.7371534109115601,0.3893604278564453,,,1.398019590907501,1.398019590907501
684,0.5576235055923462,0.4551406502723694,,,2.7114767455749775,1.2125735584931883
685,0.44760754704475403,0.39207038283348083,,,1.3483177046300778,1.7569656333922261
686,0.41315650939941406,0.38827547430992126,,,2.953056723412272,2.266782062801064
687,0.6801639199256897,0.25888365507125854,,,1.525134364039662,1.3969612611126356
688,0.6191736459732056,0.45424947142601013,,,0.20047054424086796,2.27958818607722
689,0.44525349140167236,0.27677208185195923,,,-1.2963571818956978,0.023107091667691478
690,0.721384584903717,0.2810889780521393,,,0.5251687477577958,1.730053094236731
691,0.30515843629837036,0.5127933621406555,,,1.5254530197092944,1.2920044658753265
692,0.7768996953964233,0.45477089285850525,,,-1.1904129660689733,-0.003742342256361276
693,0.49866658449172974,0.4654349088668823,,,2.9995452738744417,1.548150145250056
694,0.39567363262176514,0.2478799819946289,,,3.7702235974879956,1.1344770910522777
695,0.5599691867828369,0.3894440531730652,,,1.355450457644912,0.8068870992176604
696,0.46666574478149414,0.2930328845977783,,,1.2446918632948458,2.179728693131591
697,0.3583492040634155,0.4123463034629822,,,1.7913912207426241,1.262215865192401
698,0.3171960711479187,0.24696391820907593,,,2.008502214412688,2.466551754716331
699,0.2841918468475342,0.3902837634086609,,,0.9326515867760907,0.12473285765433205
700,0.46668195724487305,0.44456690549850464,,,1.7174471012990862,1.350096376878523
701,0.5959283709526062,0.4817996025085449,,,2.7963415164831567,3.0549520632218674
702,0.28628450632095337,0.38572484254837036,,,1.9196804721558967,1.4091078891640225
703,0.5562110543251038,0.3977780044078827,,,3.8480443509233564,0.45611407552158184
704,0.3361838459968567,0.534665584564209,,,1.942910327861404,1.3020706416072514
705,0.3520485758781433,0.2860890328884125,,,1.4891622429569855,1.4891622429569855
706,0.49768733978271484,0.26744014024734497,,,3.7208619169404087,1.983384826963441
707,0.5106809735298157,0.4002394676208496,,,3.0481894641822995,1.7858984906918354
708,0.7371534109115601,0.3911486268043518,,,1.0729891440910697,1.0729891440910697
709,0.40765702724456787,0.3100202679634094,,,2.5382161630116835,0.5036180537286158
710,0.48889797925949097,0.4403303265571594,,,2.205255531724712,1.9568891863990956
711,0.5335900783538818,0.3889218270778656,,,1.0460705835952233,0.5459756477972919
712,0.4321247339248657,0.38366055488586426,,,1.9822919536897192,1.5335677265703305
713,0.36671286821365356,0.26077526807785034,,,2.2201680149294716,1.5080481769681608
714,0.6184463500976562,0.31548288464546204,,,2.393781479728604,1.8519235968357475
715,0.46836400032043457,0.44468986988067627,,,3.4263914361971417,2.4542698049633698
716,0.4783863425254822,0.4523257613182068,,,1.3246856075434854,1.7800232470724275
717,0.6342067718505859,0.2569144070148468,,,1.5996986815393617,1.691957341486022
718,0.3741523325443268,0.2768307626247406,,,1.7441099132863367,1.7441099132863367
719,0.42839255928993225,0.3508186340332031,,,2.6290620263643896,0.4264758498911082
720,0.6839133501052856,0.21201279759407043,,,2.73342801719383,0.8527726441349343
721,0.5919480919837952,0.24823257327079773,,,2.3083961797927066,1.1953113264445803
722,0.5535456538200378,0.31808993220329285,,,2.7923674318514413,1.119410429843265
723,0.31112825870513916,0.4693072438240051,,,2.4312505377138254,1.1956174640645354
724,0.27994662523269653,0.337574303150177,,,2.0278649435058744,2.1329062751925862
725,0.2752721905708313,0.2475663125514984,,,1.692091237080671,0.5023143147003623
726,0.3638728857040405,0.3181934356689453,,,2.0533157230629815,2.104036800422988
727,0.31192392110824585,0.39233940839767456,,,2.2780696991144715,0.9346468688208499
728,0.46284520626068115,0.43555450439453125,,,0.6992130156905997,1.0744478930192825
729,0.5520502328872681,0.3181305527687073,,,1.8616312651322953,2.371523753577147
730,0.3281036615371704,0.2657746374607086,,,2.3160911358487417,2.3160911358487417
731,0.7277588844299316,0.3466981053352356,,,0.9733341390328902,2.27097957085107
732,0.44339367747306824,0.5053927302360535,,,3.5047553779147003,1.5192862164518341
733,0.596801221370697,0.42100390791893005,,,1.7686085287863473,1.4728883030075806
734,0.6528099775314331,0.4663902819156647,,,1.3741348352106508,1.8236681403256354
735,0.2887662351131439,0.26415032148361206,,,1.0820326427012605,-0.08009717661480205
736,0.3641645312309265,0.3011859953403473,,,2.5068687482312897,2.5068687482312897
737,0.39694514870643616,0.447203665971756,,,0.6053894410779576,2.1933448451412922
738,0.36659306287765503,0.2565286159515381,,,4.545494936138827,0.4744046495055436
739,0.3225729465484619,0.35587114095687866,,,2.4592117408283594,1.857329492820421
740,0.35915929079055786,0.3386647701263428,,,2.911081642912215,2.414714035633848
741,0.4802064299583435,0.2299562692642212,,,3.3764006840391914,1.82352774802166
742,0.5732541084289551,0.4613151252269745,,,2.8506356255162317,1.3950987654682503
743,0.28889983892440796,0.5032480955123901,,,2.4031516360528413,1.9004955310593925
744,0.363882452249527,0.37325501441955566,,,1.1011327304357117,1.6117271011722774
745,0.3952583968639374,0.305487722158432,,,2.419373602327637,1.1850712448959366
746,0.4363393783569336,0.35280174016952515,,,1.1415249114768966,1.4759905609389892
747,0.49656322598457336,0.4318387508392334,,,2.895131746147493,2.417918656351225
748,0.32942652702331543,0.440921425819397,,,1.9820427018904494,1.673134156179558
749,0.49155303835868835,0.5368784070014954,,,-0.15473248254811447,-0.795148020834247
750,0.41374844312667847,0.3405818045139313,,,1.5770660477228868,0.3026769932376162
751,0.6216266751289368,0.43330875039100647,,,4.047524067763821,1.7269422796637708
752,0.5224223732948303,0.30144190788269043,,,2.6573838760746886,2.9190792505490544
753,0.859993040561676,0.42742660641670227,,,1.151164126641032,1.6105355096080627
754,0.35268664360046387,0.2763007879257202,,,2.839754746589173,2.839754746589173
755,0.36635464429855347,0.3307458162307739,,,2.800164750693445,2.800164750693445
756,0.4442613124847412,0.2956302762031555,,,2.142838634558024,0.763830316614796
757,0.359769731760025,0.3248510956764221,,,2.1144133128674816,2.1144133128674816
758,0.4179912209510803,0.30782467126846313,,,2.10265949804584,3.0512483050806503
759,0.40592747926712036,0.5323730111122131,,,3.411751339415106,0.9589775206163305
760,0.2618030905723572,0.5062522888183594,,,2.494599791896981,2.0781158809495217
761,0.5498937368392944,0.5634629726409912,,,2.4654159397785267,1.5309222982239792
762,0.340230792760849,0.3307655453681946,,,1.6112832650058724,1.7427991625657007
763,0.4084663391113281,0.41312918066978455,,,3.333831075407627,2.1413421730244546
764,0.7457188367843628,0.54425048828125,,,0.338553268050691,0.25960664281192114
765,0.32682347297668457,0.36777812242507935,,,1.8318181829471527,1.7486324152589758
766,0.34095513820648193,0.45281779766082764,,,1.9021632838803177,2.6228578274142227
767,0.5027390718460083,0.4125140905380249,,,2.830284128954868,2.5216577939588523
768,0.29683440923690796,0.44474631547927856,,,2.1188190325285747,2.598054183488532
769,0.340230792760849,0.42566657066345215,,,1.7480063543187883,1.3187499920642418
770,0.38766586780548096,0.3230903148651123,,,2.385098231573366,2.385098231573366
771,0.3581005334854126,0.3045900762081146,,,2.6323262266599774,2.6323262266599774
772,0.5793232917785645,0.5139127969741821,,,1.5793012326437392,1.271672617898266
773,0.5956032276153564,0.5720210075378418,,,0.4701455415591831,3.3781341962350036
774,0.30735689401626587,0.5673196315765381,,,3.8025220671312105,1.8527043111491632
775,0.4720637798309326,0.22621747851371765,,,0.20879928598293623,0.9577959910287552
776,0.5600506663322449,0.46318918466567993,,,2.3645540521207673,1.9702190078294706
777,0.45943474769592285,0.27396729588508606,,,0.9304579174123958,2.1338026626232725
778,0.36076119542121887,0.279812216758728,,,2.6907325942401927,2.6907325942401927
779,0.3053513765335083,0.29567545652389526,,,2.3156598177320142,2.3156598177320142
780,0.6148681640625,0.3231049180030823,,,3.308305029096131,0.6890768814911747
781,0.5987905263900757,0.3665843605995178,,,1.2259624841327987,1.4167686186538517
782,0.4861498475074768,0.41985607147216797,,,1.7452530172150924,0.7829769905088056
783,0.4105006456375122,0.46439507603645325,,,3.1597015183578763,1.5351879424937471
784,0.31332841515541077,0.4520631730556488,,,1.6180026054687071,2.6082950573188004
785,0.26335811614990234,0.33909696340560913,,,2.0134040608274457,1.465058659075271
786,0.277392715215683,0.47283193469047546,,,1.1122752999835555,2.1709662168138384
787,0.5143910646438599,0.2201894223690033,,,0.6174760934103212,1.4993703163279735
788,0.45418602228164673,0.4195849895477295,,,1.5319446584330632,0.7714744081904972
789,0.4977857172489166,0.41673535108566284,,,2.1064114269098657,2.505791879046396
790,0.30069583654403687,0.5557409524917603,,,0.6987931064292741,0.6834755296295788
791,0.6279020309448242,0.30095118284225464,,,1.2449755793448094,1.5170713139405854
792,0.3671669065952301,0.3107714056968689,,,2.2657348249489506,2.2657348249489506
793,0.5956259965896606,0.2008756548166275,,,1.7014073597980734,2.2440432632468204
794,0.3469548225402832,0.27380865812301636,,,1.6199924999984154,1.6199924999984154
795,0.33923131227493286,0.5876411199569702,,,2.346863037256632,1.0167405555169302
796,0.36730849742889404,0.2577854096889496,,,1.9756512075640986,1.9756512075640986
797,0.44974419474601746,0.6570712327957153,,,3.3581404940555535,2.642324186943977
798,0.4201696515083313,0.4104538857936859,,,0.9016232238061418,0.7402192942194324
799,0.3149107098579407,0.27522754669189453,,,2.0117244237821432,2.125262500529535
800,0.3826726973056793,0.38827449083328247,,,1.9922068828594044,2.833538821870954
801,0.4470842480659485,0.32055842876434326,,,1.6810143476795518,0.9675021539902152
802,0.5506832599639893,0.28841912746429443,,,4.398398345051593,1.9696003943365592
803,0.4477876126766205,0.3881428837776184,,,0.46101964565997755,2.460358806165241
804,0.3226553797721863,0.3023426830768585,,,2.0468743149942465,1.7756069108375574
805,0.45538756251335144,0.3471972346305847,,,2.3980816674772285,0.9835066389589092
806,0.65791916847229,0.4832400679588318,,,2.3315856291353314,1.9492218017436151
807,0.6205924153327942,0.23787379264831543,,,1.9104692475256633,0.9290506667898174
808,0.5024657845497131,0.2902243733406067,,,0.044039102879317914,0.6434357950693387
809,0.7582321763038635,0.32170766592025757,,,2.050899264106296,1.784114272472014
810,0.5436067581176758,0.5145940184593201,,,2.6383757722369165,1.21492940790555
811,0.3671669065952301,0.25780725479125977,,,2.4271208489709317,1.8796344389567368
812,0.5199521780014038,0.46258798241615295,,,-0.027496173414656693,0.11815402833771635
813,0.6059725284576416,0.3151625394821167,,,2.4704654674882107,1.4112147244616018
814,0.3526496887207031,0.46355438232421875,,,2.2033088957717366,1.0559496224072895
815,0.2771921753883362,0.3154637813568115,,,3.5416814060740487,1.8000288334762544
816,0.3350473642349243,0.30828657746315,,,1.8241218007841922,1.8241218007841922
817,0.35637983679771423,0.25223222374916077,,,1.7446304423140553,1.3855215067272009
818,0.31326377391815186,0.38997143507003784,,,1.330433689962058,1.2211668034558103
819,0.3183433413505554,0.34366756677627563,,,3.8894613482466633,1.937440573977744
820,0.3011414706707001,0.2312314808368683,,,1.7402483326453915,1.836457467231338
821,0.47055530548095703,0.22053666412830353,,,2.624193297321563,2.836395789411218
822,0.4812764525413513,0.4850828945636749,,,3.1393440004561612,0.9422410466541672
823,0.7740390300750732,0.38240933418273926,,,0.8096657893333608,1.8593746886075642
824,0.3462234139442444,0.27927365899086,,,1.9232192772627588,1.9232192772627588
825,0.39375609159469604,0.5039718151092529,,,3.821247801797782,1.554754921789895
826,0.33923131227493286,0.2254568636417389,,,3.3843786430917278,1.5811134976330905
827,0.3485643267631531,0.2493002712726593,,,2.147546371974622,2.8429184855746925
828,0.44758540391921997,0.269306480884552,,,1.8466508041640983,1.6419562896669448
829,0.48311686515808105,0.601707935333252,,,1.4436654706331693,2.7008234099306594
830,0.3553917706012726,0.5114006996154785,,,2.797944143754495,2.7031349708001757
831,0.45538756251335144,0.3169322907924652,,,2.1674074462100226,1.6116385240865863
832,0.5561190843582153,0.4049196243286133,,,1.039620618884937,1.973948435895342
833,0.3744456470012665,0.2828599214553833,,,1.6733219269247168,1.6733219269247168
834,0.39951837062835693,0.42100101709365845,,,1.7136842389486338,2.5873994217372887
835,0.6059725284576416,0.33948493003845215,,,2.993847818251716,2.6465758870571428
836,0.424023300409317,0.5584115982055664,,,2.694578012335985,1.3019524331887802
837,0.6376035809516907,0.4557033181190491,,,-0.09163169778612404,2.1156118765099974
838,0.25597721338272095,0.5320805311203003,,,2.5252018281244406,2.5167385173483416
839,0.4257332384586334,0.40667393803596497,,,2.6162752347598874,1.2618777986229526
840,0.35280299186706543,0.280849814414978,,,1.8659430201926466,1.8659430201926466
841,0.3999898433685303,0.39307355880737305,,,0.6693509705010232,3.9046253016392436
842,0.4733884036540985,0.31534409523010254,,,2.961067324467764,1.6935804096232894
843,0.4524418115615845,0.37785863876342773,,,1.1636105540593729,1.637863521247783
844,0.6219251155853271,0.4948575496673584,,,0.4420821341150055,0.8921358890295462
845,0.5192819833755493,0.4013606607913971,,,2.1886958950212803,0.4387647321082895
846,0.4093540608882904,0.24824705719947815,,,2.743889937597513,0.414182808195395
847,0.7518437504768372,0.49694061279296875,,,1.6909658802603185,1.6909658802603185
848,0.3566933870315552,0.3091922700405121,,,1.6386046214799415,1.6386046214799415
849,0.4675988554954529,0.3634452521800995,,,2.1554704558766486,2.4709593758533246
850,0.34557250142097473,0.22846859693527222,,,2.1615612000980953,2.1917732753096595
851,0.5518519878387451,0.35292989015579224,,,2.1845635125208616,1.0368146742813318
852,0.32846927642822266,0.3145974278450012,,,2.877001490350379,1.6283016327702613
853,0.4130941927433014,0.34784188866615295,,,1.5208159538136596,0.9517259253577249
854,0.34098339080810547,0.28414255380630493,,,1.866884250763316,2.2987316116165664
855,0.409923791885376,0.5513550043106079,,,1.2998725354664555,1.865367982189118
856,0.36376702785491943,0.3467863202095032,,,1.818822545906263,1.818822545906263
857,0.48120981454849243,0.3567003607749939,,,3.1569405753505793,2.6439746680254745
858,0.49818840622901917,0.4387921392917633,,,2.4923313311478723,1.7865202733112473
859,0.4470524489879608,0.41144874691963196,,,4.806313730223135,1.246661554643113
860,0.618089497089386,0.40555065870285034,,,2.627538944168215,1.3772656152805645
861,0.38067615032196045,0.43907755613327026,,,4.097243859605973,3.331930550245235
862,0.38820692896842957,0.4943128824234009,,,2.2698901836164986,3.1957557198169178
863,0.7296568155288696,0.2978041172027588,,,2.1552879141902155,1.756131994666251
864,0.3523574471473694,0.4627395272254944,,,1.1649571951376279,2.7987947373072486
865,0.7410718202590942,0.5409601926803589,,,1.5184050408283505,1.5184050408283505
866,0.3966626524925232,0.4261041283607483,,,1.964367532658817,1.0315090811504017
867,0.42572295665740967,0.4219176769256592,,,0.6467991097962318,1.9468029659420547
868,0.42480599880218506,0.41450434923171997,,,2.92538612919784,1.3153042800483339
869,0.509783148765564,0.3043956160545349,,,1.777421394215459,1.1353257831291304
870,0.36559176445007324,0.3772803544998169,,,3.466744874666857,1.6518254249586966
871,0.4298398494720459,0.3740846812725067,,,3.4147968699821543,1.4014157853218376
872,0.4917603135108948,0.5003317594528198,,,3.4767802306435636,3.6866144344993423
873,0.45147955417633057,0.36449694633483887,,,3.218456172940505,0.7343677398206164
874,0.6189780831336975,0.5288324356079102,,,0.9330844102279061,1.268955725749327
875,0.3695937693119049,0.38004568219184875,,,3.314430316796434,1.7440243468708212
876,0.3578961491584778,0.29780474305152893,,,1.9570189621292942,0.44139181913501874
877,0.62700355052948,0.5442773103713989,,,1.0308007021493617,1.1905516945815358
878,0.457694947719574,0.2173733413219452,,,2.819210567136574,1.2244005801369926
879,0.401949942111969,0.4138219356536865,,,4.124950581862511,0.6205110074035926
880,0.4660443067550659,0.3727801442146301,,,1.80769669350071,0.28495664414631017
881,0.49450770020484924,0.3108365535736084,,,4.256495318473495,1.5898555330849145
882,0.3966626524925232,0.40619051456451416,,,1.964367532658817,1.5056418592162777
883,0.46977224946022034,0.33009225130081177,,,3.572620637361169,-0.7199997917768172
884,0.42707890272140503,0.5278733968734741,,,2.030912534005148,1.9664769032575968
885,0.37257668375968933,0.5073467493057251,,,1.5868817832331041,2.3570619201607683
886,0.7621716260910034,0.5446398258209229,,,1.3802810391458575,0.8839945615059055
887,0.7716745138168335,0.5010298490524292,,,1.2118240600758032,1.2118240600758032
888,0.48518553376197815,0.45925986766815186,,,2.994108637362713,0.37231484417105704
889,0.437117338180542,0.3405423164367676,,,1.6573522231193667,1.6573522231193667
890,0.5797840356826782,0.6094944477081299,,,0.7918105344883335,3.1250971922728463
891,0.41109347343444824,0.3525533378124237,,,4.14638179982262,0.5269273356670436
892,0.38396525382995605,0.3085932731628418,,,3.566860749946382,2.715183989755345
893,0.3626883327960968,0.4063807725906372,,,1.7288307621454608,1.6523804974652716
894,0.43438398838043213,0.47617655992507935,,,1.668818915080056,2.0660690803829027
895,0.4610764980316162,0.4546307921409607,,,3.7574269815913417,2.571837742968887
896,0.43234777450561523,0.3063724637031555,,,4.0722993480073315,2.452704890297388
897,0.4015660881996155,0.3973349928855896,,,1.4017162185140917,1.8263908953586006
898,0.3324279189109802,0.6219678521156311,,,3.217747239342327,1.2487841563450326
899,0.4584658145904541,0.3986143469810486,,,1.9706460476254224,1.1006832690697683
900,0.5266618728637695,0.40750691294670105,,,2.7353542122808765,1.3669472563073568
901,0.34631112217903137,0.4589613974094391,,,1.106949345214859,1.466792488183733
902,0.33721309900283813,0.34431472420692444,,,2.784260806262982,1.5145827573560122
903,0.4709596633911133,0.5118122100830078,,,2.3008305240978943,1.2527974589171926
904,0.607144832611084,0.2620336413383484,,,1.0956735138976663,1.4190892115338944
905,0.3684902787208557,0.2957603335380554,,,2.638723583870354,1.0436428742394612
906,0.35717177391052246,0.3700280785560608,,,2.9907316161637048,2.437121027643482
907,0.42940765619277954,0.33531105518341064,,,1.3658586613544108,2.409109752330239
908,0.6857085824012756,0.42840439081192017,,,0.908422584713116,2.8697562333447744
909,0.2978824973106384,0.4214833676815033,,,1.766290788120155,2.7884006362106772
910,0.7395426034927368,0.5020346641540527,,,1.4177106415061462,1.4177106415061462
911,0.6225757598876953,0.5013181567192078,,,3.1453032259278344,2.0283816695817922
912,0.7222099900245667,0.46592360734939575,,,0.30900900702095935,0.30900900702095935
913,0.5333354473114014,0.32372844219207764,,,1.046350021324411,1.8874159121662377
914,0.6793944835662842,0.5291035175323486,,,2.8198538998161897,2.5535167057564383
915,0.26515305042266846,0.5009963512420654,,,2.236526887469092,1.6019196053909615
916,0.4218183159828186,0.45939815044403076,,,2.679658398596599,2.466146740349558
917,0.44907286763191223,0.4428679347038269,,,2.2877341088342864,2.4125596634387603
918,0.2735460698604584,0.4583408534526825,,,2.4123671390038504,1.4002260952335235
919,0.5395820736885071,0.5401899814605713,,,2.8156300880162295,2.8705551701355683
920,0.4067830443382263,0.46140146255493164,,,2.0246855173441767,0.5352052129287778
921,0.46105819940567017,0.35643303394317627,,,0.7378227215315385,2.4339720250961903
922,0.3481307029724121,0.3366084694862366,,,1.1024229610622565,3.242068700670956
923,0.3347189724445343,0.28732413053512573,,,2.2488089956783783,2.2488089956783783
924,0.5488783717155457,0.2185526043176651,,,2.592061206819628,2.55597087731848
925,0.5719720721244812,0.2668951153755188,,,1.7068371826878261,1.173654149764981
926,0.36517542600631714,0.3930606245994568,,,2.361969312546902,2.280234054058036
927,0.6004393100738525,0.268232136964798,,,2.8248896418255964,3.4259962461225206
928,0.492956280708313,0.48724597692489624,,,2.2410468541405306,1.5218208838269904
929,0.3551851212978363,0.5301120281219482,,,2.754234283408026,1.210537632401059
930,0.2564520239830017,0.2297656238079071,,,1.1531770765660319,1.1929946949726633
931,0.6459765434265137,0.5265328288078308,,,1.3186603057842756,1.3406216393797672
932,0.38958266377449036,0.450885534286499,,,1.061990928255327,2.803312960959112
933,0.338875949382782,0.2829113006591797,,,2.4193647287734352,2.3030815546512495
934,0.41439512372016907,0.3507125973701477,,,2.5585505462899447,0.48192906694176707
935,0.5622742772102356,0.35087597370147705,,,2.481175688953214,2.664152813367257
936,0.7107564210891724,0.4487258791923523,,,1.6710533077192835,1.9071706622075444
937,0.740544855594635,0.47146010398864746,,,1.6751353011083434,2.0530766124685136
938,0.5322338342666626,0.3666129410266876,,,1.6332552944033032,1.6332552944033032
939,0.525968611240387,0.5005433559417725,,,0.3428410169778005,1.0658068734746642
940,0.49039822816848755,0.329835444688797,,,3.110877004752136,2.214076319970075
941,0.4525180757045746,0.36865144968032837,,,2.385576928131277,3.215937351197851
942,0.33983755111694336,0.2716868221759796,,,1.8833508736039557,1.8833508736039557
943,0.42050325870513916,0.3258647322654724,,,0.6914567370367782,0.5190778846941054
944,0.45653262734413147,0.3941948115825653,,,3.1786373661114355,2.2246025736417203
945,0.45320385694503784,0.4586358666419983,,,2.3420058755255324,2.578581485705776
946,0.3594936728477478,0.39268845319747925,,,1.2012913889229944,3.0101368115519986
947,0.7298902869224548,0.5552352666854858,,,1.2048494464733475,1.5626466806016157
948,0.3684437572956085,0.4892280697822571,,,1.3085931793144008,2.8491404316332627
949,0.5539847612380981,0.41447925567626953,,,0.6091911648421232,2.621188965399022
950,0.7492687106132507,0.4861316680908203,,,0.20744701970514276,2.527375531991182
951,0.32551783323287964,0.24903504550457,,,4.239223262132735,1.4067125048985663
952,0.44195371866226196,0.3843492269515991,,,3.891175211858172,1.9955137079064247
953,0.37815427780151367,0.30765455961227417,,,3.153621549166532,2.5670487174575496
954,0.5130563974380493,0.4152253568172455,,,2.0616156653679756,1.3821181817782382
955,0.42192408442497253,0.2846200466156006,,,2.1887595944639417,1.2131808423588601
956,0.6217764019966125,0.49307557940483093,,,1.722282871426307,1.2863476542999706
957,0.4480813145637512,0.39058274030685425,,,2.6706152961272207,1.611230499049638
958,0.5157976150512695,0.3104415535926819,,,1.3208157871736388,1.666285039986525
959,0.4016014337539673,0.3326050043106079,,,4.042559631100677,2.721015182516395
960,0.4243939518928528,0.3612547814846039,,,3.6189174556700543,2.975447552876753
961,0.37428152561187744,0.3233797550201416,,,0.40538578839878614,1.1799069948069318
962,0.5142183303833008,0.3579064607620239,,,2.4427997854198544,0.24081912998562924
963,0.5396645665168762,0.3733788728713989,,,1.154851722237096,1.0701938160612414
964,0.5312727093696594,0.3321397304534912,,,0.5134915465693058,1.5796620376958292
965,0.709498405456543,0.499289870262146,,,0.911455280317837,1.1503298540897569
966,0.4993549883365631,0.4020770490169525,,,0.7212137256828607,0.2736230158845634
967,0.33092498779296875,0.3023284077644348,,,1.834279801956471,1.834279801956471
968,0.36750274896621704,0.2880032956600189,,,1.2416317547458948,1.2416317547458948
969,0.3584080636501312,0.3197467625141144,,,1.6794223369819903,2.1984119615030546
970,0.6120842099189758,0.3250967860221863,,,1.04974629496691,1.864850146918925
971,0.3350369930267334,0.34624311327934265,,,2.54644369077614,0.9746104255028325
972,0.7386751174926758,0.5368784070014954,,,1.5486741603169252,1.5486741603169252
973,0.24341899156570435,0.43250834941864014,,,1.2405914889720826,0.47294328604796804
974,0.5012033581733704,0.4318265914916992,,,3.8744555342664615,0.9343332837536185
975,0.32045412063598633,0.26668697595596313,,,3.1424462583875696,1.587091262494792
976,0.27899956703186035,0.26910334825515747,,,1.651288733385825,1.8089355050497828
977,0.6974562406539917,0.3392682671546936,,,1.0587959733737768,1.9211745568445906
978,0.38057756423950195,0.3305000066757202,,,0.7761590109836406,0.11682628317622104
979,0.3208133578300476,0.30310553312301636,,,1.7118713401339825,0.5880949631672063
980,0.5414466261863708,0.4923593997955322,,,0.7595640385197279,0.24373088380027222
981,0.28593772649765015,0.3333776593208313,,,2.614450768633509,0.19592728448965
982,0.3313371539115906,0.5655783414840698,,,3.0286207418665767,0.8076156021719791
983,0.3448449969291687,0.2738891541957855,,,1.850303697824981,1.850303697824981
984,0.34052151441574097,0.33406302332878113,,,1.3799815566915536,1.1829183780359365
985,0.44732576608657837,0.36376112699508667,,,1.4350183505200373,1.1253527004881598
986,0.7304754257202148,0.5230082273483276,,,1.0034435345458361,1.547268335801272
987,0.3723074197769165,0.3264208436012268,,,1.7746016639115765,1.7746016639115765
988,0.6630872488021851,0.29816532135009766,,,1.61374203180134,1.5605016573297046
989,0.5205090641975403,0.3081671893596649,,,0.9994505143832798,2.660052597500819
990,0.7049207091331482,0.3423559069633484,,,-0.6438726591574424,0.2071933509358127
991,0.4300721287727356,0.44314637780189514,,,1.8209769181013509,1.9195069624799903
992,0.35716453194618225,0.280925452709198,,,1.9041346390199978,1.9041346390199978
993,0.3785317540168762,0.5109256505966187,,,3.700641622216168,1.1400019877370473
994,0.31258857250213623,0.3185071051120758,,,0.9358836996658602,0.4977844445086092
995,0.4689030051231384,0.2814038097858429,,,1.4354728032602193,2.177491923647488
996,0.41695499420166016,0.3325784206390381,,,2.85790021419349,1.705204448714732
997,0.43963438272476196,0.4914126396179199,,,0.9480308030862221,1.2072266082614256
998,0.5311604142189026,0.29324769973754883,,,0.6583609943941822,0.45386526335677696
999,0.44799476861953735,0.42915046215057373,,,3.1888270585487204,0.8807974674639674
1000,0.5496039390563965,0.35148531198501587,,,1.0261343218335965,0.7271813493397601
1001,0.3985699415206909,0.403045654296875,,,3.0277955013258278,1.3128310937272887
1002,0.5061547756195068,0.31110286712646484,,,2.1334372623377567,1.27869255000968
1003,0.4669213891029358,0.41241905093193054,,,1.7951648581231787,1.6354372379989461
1004,0.44021713733673096,0.48357272148132324,,,2.6435712382219516,1.6566469340166647
1005,0.46131688356399536,0.32891327142715454,,,2.719422696449858,2.782042100799932
1006,0.4611397087574005,0.5531044006347656,,,0.25199103376064375,-1.1994567023636515
1007,0.5213690996170044,0.3406992554664612,,,0.9666613055014514,1.1640831500487705
1008,0.3967822194099426,0.48313677310943604,,,2.3840213623884723,0.5310184402947927
1009,0.2767602205276489,0.34360963106155396,,,2.164960088269957,2.164960088269957
1010,0.6980948448181152,0.4569013714790344,,,-0.13937951056681594,-0.16692056673553696
1011,0.33353161811828613,0.4792347550392151,,,4.124402639890563,2.241645977505464
1012,0.3255249857902527,0.26066136360168457,,,1.3883108134166782,1.204227743082098
1013,0.389701783657074,0.420291006565094,,,1.0311859887036685,3.7178404717347644
1014,0.49420905113220215,0.3067038655281067,,,1.8458068657769964,2.521472716971219
1015,0.5094861388206482,0.3359919786453247,,,0.8814099803883652,1.1345827814210716
1016,0.4862794876098633,0.5150423645973206,,,0.5792523871771518,1.232499203681038
1017,0.5292991399765015,0.36815083026885986,,,4.264777196757436,0.39251798599811316
1018,0.39964109659194946,0.5536038279533386,,,-0.8822604154847933,0.9031497128133041
1019,0.3638942241668701,0.44738054275512695,,,0.15784929865438502,0.08830043085096803
1020,0.2969779074192047,0.3879331350326538,,,1.2479929046860025,1.2793036368271524
1021,0.2584630846977234,0.3969103991985321,,,1.4211428055062643,0.02126182319689285
1022,0.35042986273765564,0.4532451629638672,,,3.460409473879566,1.7175225265097998
1023,0.36403557658195496,0.3949108421802521,,,1.7220402747926882,1.8540630741362827
1024,0.46007633209228516,0.41914549469947815,,,1.9882972899519755,3.2792736119623545
1025,0.4318014979362488,0.30774933099746704,,,3.6995485904861214,1.8518949162409175
1026,0.3222494423389435,0.44914478063583374,,,4.237894447391046,1.1952931039672021
1027,0.7475919723510742,0.2733360826969147,,,1.2898181647307454,1.7983137022141455
1028,0.6654478907585144,0.27166080474853516,,,1.3845200627530208,1.5632168064590684
1029,0.33581191301345825,0.4257863163948059,,,3.5009701732224188,2.322756759617392
1030,0.35375428199768066,0.2656453847885132,,,1.7255903302986273,1.7255903302986273
1031,0.3571227192878723,0.30600738525390625,,,1.6567550012303343,1.6567550012303343
1032,0.3316984176635742,0.47928476333618164,,,1.5959424743545605,1.9135130350731362
1033,0.44950979948043823,0.4914853274822235,,,1.7169246707954673,1.322908282173803
1034,0.7444797158241272,0.5685826539993286,,,1.5072405250794905,1.9940573358230875
1035,0.6002254486083984,0.4258396625518799,,,1.1068984015063623,1.863912560843731
1036,0.5339619517326355,0.351884126663208,,,3.1539692023436445,1.4727198639340753
1037,0.3709641695022583,0.5860936045646667,,,3.467682936111026,1.7898283660088679
1038,0.3100179135799408,0.3629729747772217,,,2.769798180564978,2.766189813131428
1039,0.3725275993347168,0.3106931447982788,,,1.733613449403797,1.733613449403797
1040,0.43613702058792114,0.3085574507713318,,,1.2276978978045112,2.539866961005831
1041,0.4838176369667053,0.36740949749946594,,,2.179090747967026,1.7783889285360832
1042,0.33639320731163025,0.5458601117134094,,,1.6480483015389915,0.9409478053574469
1043,0.3694036602973938,0.22991271317005157,,,1.4664709803002502,2.7959456925832353
1044,0.40424883365631104,0.3761708736419678,,,1.0370701851054405,1.8977578811318747
1045,0.2786604166030884,0.4489455819129944,,,1.3261018901765904,2.2929045387199674
1046,0.6334682703018188,0.23114845156669617,,,2.041849664927592,0.2239565445957839
1047,0.22460556030273438,0.40396398305892944,,,1.6710704210023866,1.6887449564087187
1048,0.5298985838890076,0.3717149794101715,,,2.055557880062135,1.9093312141993084
1049,0.4810997545719147,0.31479668617248535,,,0.43783954524052915,1.6947430036800235
1050,0.7367475032806396,0.39310598373413086,,,2.266964762943822,2.266964762943822
1051,0.4476618468761444,0.3670334815979004,,,2.4287852742090315,2.325434037685074
1052,0.3589801788330078,0.3193589448928833,,,3.7584724764238797,1.8125524291248842
1053,0.3685651421546936,0.4555807411670685,,,1.5111337969854413,-0.14177837096790252
1054,0.3637152910232544,0.5621792078018188,,,1.3592768609817008,3.498431702895462
1055,0.5995591878890991,0.461637020111084,,,0.19611038077322046,0.5894025447613418
1056,0.3262971043586731,0.3529215455055237,,,2.903142030290335,3.5922435517400517
1057,0.5412715673446655,0.28311872482299805,,,5.362734383211413,2.2621068089310974
1058,0.4281184673309326,0.2929692268371582,,,2.311952415095322,2.578720451902826
1059,0.47007203102111816,0.2886739671230316,,,4.909963815376096,1.9201705775692097
1060,0.4733765721321106,0.35080528259277344,,,1.946416015596335,0.7566468575759526
1061,0.3571227192878723,0.3013232350349426,,,1.4533810617459686,1.4533810617459686
1062,0.525241494178772,0.5555242300033569,,,2.495056304569388,2.337443125646336
1063,0.5576934814453125,0.4167855381965637,,,1.9694061268820742,1.8353542942964893
1064,0.40919816493988037,0.5234851837158203,,,2.3343288250342256,0.7392093728318632
1065,0.5389063358306885,0.521134078502655,,,3.8416620470638576,1.4310254095856436
1066,0.3764294385910034,0.35010480880737305,,,1.0719930084037779,1.256807592362852
1067,0.39339974522590637,0.3523298501968384,,,0.027717675550005948,3.3522928218367007
1068,0.390470027923584,0.3850537836551666,,,1.1404095374050207,1.011621227796071
1069,0.366610586643219,0.304662823677063,,,1.837612455384471,1.837612455384471
1070,0.5470279455184937,0.37714582681655884,,,1.1599579773111401,1.150531093622543
1071,0.389637291431427,0.45535773038864136,,,2.7744171824395596,2.6213683379589545
1072,0.709295928478241,0.481624960899353,,,0.4327002520227164,0.8916155184581526
1073,0.3225743770599365,0.29246392846107483,,,0.8168700061507828,0.8168700061507828
1074,0.35042721033096313,0.2544243633747101,,,1.8492177966295604,1.8492177966295604
1075,0.3345298171043396,0.4562239646911621,,,1.5974435311215556,-0.3272703458129534
1076,0.4847204089164734,0.46279987692832947,,,1.938600474276953,2.6454464103723394
1077,0.2726113200187683,0.2516517639160156,,,2.115921024800128,2.115921024800128
1078,0.46596062183380127,0.337969571352005,,,1.3473235496468488,1.451117988511911
1079,0.5634637475013733,0.3507782220840454,,,2.1873970285250217,2.9723947333187537
1080,0.4838176369667053,0.36740949749946594,,,2.179090747967026,1.7783889285360832
